7,19,1,20,1,2,4,21,2,1,20,1,5,1,1,22,2,1,9,1,1,10,2,23,1,1,24,2,6,24,3,5,25,14,26,1,5,27,11,28,2,29,1,30,1,2,31,32,33,17,34,2,4,3,14,1,35,36,13,37,2,12,7,38,7,1,25,39,14,40,4,2,13,41,2,2,42,1,2,43,18,2,44,2,3,45,2,1,1,7,2,15,2,46,2,47,48,2,49,16,2,1,50,51,1,1,52,53,2,5,8,2,1,54,55,1,56,57,39,58,59,60,2,61,8,54,2,19,1,1,1,8,62,63,5,64,1,65,2,2,1,2,66,2,67,1,68,69,70,1,71,57,72,73,1,74,75,76,1,1,77,78,25,1,79,39,1,80,81,1,82,2,2,83,84,8,2,85,1,86,1,87,88,89,1,90,2,2,2,86,91,1,1,1,2,7,19,92,2,93
5,12,1,15,1,8,8,16,10,1,17,1,1,1,1,18,3,1,19,1,5,8,2,9,1,1,2,3,20,4,11,10,2,21,22,23,24,25,26,9,15,11,1,27,1,3,28,4,6,10,8,3,29,7,30,1,5,31,11,32,3,33,2,8,9,1,34,35,1,4,8,2,36,2,3,3,37,1,2,38,13,10,4,3,1,31,3,1,1,39,3,8,40,41,3,42,43,3,44,45,3,1,2,4,1,1,10,10,3,4,3,10,1,46,47,1,25,48,49,2,3,8,3,10,50,51,3,52,1,1,1,14,53,3,8,2,1,17,54,3,1,2,55,3,17,1,1,56,11,1,10,57,58,46,1,3,59,10,1,1,10,13,2,1,60,61,62,35,11,1,22,3,63,64,1,2,3,3,1,4,1,1,8,65,1,24,3,66,3,3,67,1,1,1,3,10,10,3,3,1
5,12,1,15,1,8,8,16,10,1,17,1,1,1,1,18,3,1,19,1,5,8,2,9,1,1,2,3,20,4,11,10,2,21,22,23,24,25,26,9,15,11,1,27,1,3,28,4,6,10,8,3,29,7,30,1,5,31,11,32,3,33,2,8,9,1,34,35,1,4,8,2,36,2,3,3,37,1,2,38,13,10,4,3,1,31,3,1,1,39,3,8,40,41,3,42,43,3,44,45,3,1,2,4,1,1,10,10,3,4,3,10,1,46,47,1,25,48,49,2,3,8,3,10,50,51,3,52,1,1,1,14,53,3,8,2,1,17,54,3,1,2,55,3,17,1,1,56,11,1,10,57,58,46,1,3,59,10,1,1,10,13,2,1,60,61,62,35,11,1,22,3,63,64,1,2,3,3,1,4,1,1,8,65,1,24,3,66,3,3,67,1,1,1,3,10,10,3,3,1
5,12,1,15,1,8,8,16,10,1,17,1,1,1,1,18,3,1,19,1,5,8,2,9,1,1,2,3,20,4,11,10,2,21,22,23,24,25,26,9,15,11,1,27,1,3,28,4,6,10,8,3,29,7,30,1,5,31,11,32,3,33,2,8,9,1,34,35,1,4,8,2,36,2,3,3,37,1,2,38,13,10,4,3,1,31,3,1,1,39,3,8,40,41,3,42,43,3,44,45,3,1,2,4,1,1,10,10,3,4,3,10,1,46,47,1,25,48,49,2,3,8,3,10,50,51,3,52,1,1,1,14,53,3,8,2,1,17,54,3,1,2,55,3,17,1,1,56,11,1,10,57,58,46,1,3,59,10,1,1,10,13,2,1,60,61,62,35,11,1,22,3,63,64,1,2,3,3,1,4,1,1,8,65,1,24,3,66,3,3,67,1,1,1,3,10,10,3,3,1
13,6,1,6,1,4,4,1,2,1,11,1,1,1,1,4,3,1,2,1,1,14,2,15,1,1,2,3,16,8,17,2,18,19,20,1,21,7,22,9,4,1,1,1,1,3,2,2,12,2,23,3,24,4,25,1,1,7,26,27,3,4,10,4,1,1,28,26,29,30,31,10,32,3,3,3,2,1,33,4,34,10,10,10,1,4,3,1,1,35,2,26,2,30,3,36,37,38,4,2,2,1,3,39,1,1,28,40,3,41,3,3,1,19,24,1,42,4,43,44,2,31,3,4,4,1,3,45,1,1,1,5,2,3,4,2,1,46,47,3,1,3,10,48,49,1,1,4,4,1,50,51,52,4,1,2,53,8,1,1,19,24,4,24,27,54,1,55,51,56,57,3,2,4,58,2,3,2,1,4,1,26,59,4,1,4,3,2,3,2,60,1,1,1,3,61,62,2,3,1
12,18,2,3,2,5,19,10,20,2,3,2,4,2,2,18,5,2,21,11,22,7,5,8,2,2,14,5,23,13,4,5,24,14,25,2,26,27,28,29,7,30,1,6,1,16,31,9,7,9,32,5,7,33,22,3,2,34,10,15,5,35,36,10,37,2,11,8,2,3,7,5,38,39,5,5,12,2,13,40,41,13,7,42,43,22,5,8,8,44,45,46,47,12,48,49,50,51,3,52,5,2,13,4,2,2,53,17,5,4,54,5,2,55,56,2,12,4,4,14,9,32,5,57,58,59,5,5,8,2,2,13,5,5,60,5,2,11,7,5,61,56,3,5,3,22,59,12,8,2,5,11,4,62,2,15,3,63,8,2,64,6,65,2,66,67,8,68,12,33,3,5,5,69,4,70,13,5,2,71,2,4,10,72,59,73,5,7,5,5,7,2,2,2,5,3,32,5,5,2
1,4,1,1,1,3,9,2,10,1,8,1,1,1,11,5,3,1,12,1,5,13,3,14,1,1,4,3,4,2,6,2,15,4,16,17,1,4,5,2,18,5,1,1,1,3,19,20,5,3,2,3,21,22,6,1,23,3,24,25,3,2,2,26,27,27,28,29,30,7,4,31,2,2,3,3,5,1,32,33,20,3,34,35,1,36,3,1,1,2,3,4,37,38,3,38,39,3,40,4,3,1,3,1,1,1,41,4,3,1,3,3,1,42,2,1,5,43,44,45,3,46,3,3,47,48,3,49,50,1,1,3,3,3,47,51,1,52,53,3,1,4,47,3,54,8,1,4,1,1,3,55,56,57,1,58,39,4,1,1,38,4,59,1,60,14,1,61,2,1,62,3,63,64,1,2,3,3,1,5,1,1,47,39,1,6,3,4,3,3,65,1,1,1,3,47,4,3,3,66
5,4,1,12,1,13,2,14,3,1,4,1,1,1,1,4,15,1,16,6,10,17,3,7,1,1,18,3,3,4,19,2,4,20,21,22,1,2,23,24,2,1,1,25,1,3,26,2,2,8,4,3,2,27,28,1,1,4,13,29,3,30,5,4,1,1,4,31,1,32,2,3,4,2,3,3,4,1,9,28,33,34,35,36,37,1,3,1,1,35,3,4,3,38,3,28,39,3,40,41,3,1,3,42,1,43,2,11,3,28,3,40,1,35,4,1,17,28,17,3,2,44,3,45,41,46,3,47,1,1,1,3,3,3,4,48,1,4,49,3,10,2,50,3,51,1,13,52,1,1,3,2,4,53,1,3,27,3,1,1,2,54,4,55,56,41,1,57,4,51,58,3,41,59,1,2,3,3,1,60,1,28,41,2,1,61,2,2,2,3,47,1,1,1,3,2,2,2,3,62
15,16,1,17,1,18,9,19,3,1,11,1,6,20,8,13,5,1,21,22,23,4,2,24,1,1,25,26,27,28,29,30,13,14,1,31,7,12,32,15,3,1,1,33,1,2,34,35,36,3,37,2,38,39,15,40,41,42,1,43,3,44,10,36,1,1,45,46,1,10,13,2,47,10,2,2,48,1,13,49,50,51,52,5,53,54,14,1,1,13,3,55,56,4,2,57,58,3,16,59,2,1,3,50,1,1,3,60,3,61,56,62,1,63,64,1,65,20,66,3,13,67,2,68,56,69,3,70,20,54,1,10,3,2,71,72,1,73,51,2,1,3,17,2,74,75,76,58,77,1,51,20,78,79,1,2,64,51,80,1,51,36,81,82,54,19,1,16,20,1,83,72,74,36,1,51,2,2,1,25,1,33,84,85,86,87,2,3,2,88,89,1,1,1,2,90,91,2,2,92
5,3,1,12,1,3,13,6,2,1,8,1,1,1,1,14,2,1,15,16,1,17,2,18,1,1,19,2,20,10,21,4,2,20,9,7,22,23,24,25,26,27,1,28,1,2,29,30,26,2,12,2,10,31,32,8,11,2,33,6,2,30,6,10,34,1,35,34,1,12,20,2,20,2,2,2,36,1,2,6,14,37,10,2,38,14,2,1,1,39,2,11,40,41,2,42,43,3,44,45,2,1,2,14,1,1,46,47,2,48,2,2,49,9,50,1,51,52,11,53,2,54,2,55,10,14,2,56,12,1,1,2,46,2,6,57,1,58,59,2,1,22,60,2,11,1,34,11,14,1,2,61,50,30,1,2,20,14,1,1,62,63,64,1,6,5,1,11,8,1,65,2,2,6,66,67,68,2,1,69,1,34,70,71,72,73,2,74,2,75,2,1,1,1,2,76,77,78,2,52
1,16,1,6,1,4,4,5,8,1,17,1,14,1,1,6,2,1,9,18,1,6,2,10,1,1,3,2,9,6,13,12,19,4,11,20,1,21,4,13,22,23,1,24,1,4,4,18,25,26,27,2,19,28,1,29,1,7,30,19,2,8,31,32,33,1,4,34,1,10,4,35,9,2,2,2,36,1,4,18,37,38,39,40,10,41,7,42,1,43,2,44,4,44,2,4,15,45,15,46,2,1,4,1,1,1,9,15,2,47,2,2,48,19,10,1,6,11,11,49,19,13,2,50,51,18,2,52,1,1,1,9,7,2,48,2,1,1,4,8,1,2,53,4,28,54,55,48,1,1,19,15,24,36,1,8,13,9,1,1,36,56,57,1,8,58,1,13,27,1,6,2,59,60,61,19,4,19,1,15,1,1,19,2,30,62,19,9,2,7,13,1,1,1,2,4,4,4,2,1
5,15,1,16,1,7,17,5,18,1,19,20,21,1,1,8,22,1,23,1,24,4,3,25,1,1,26,3,26,27,5,3,3,14,28,1,29,12,11,4,10,30,1,4,1,3,6,31,32,3,4,3,33,9,34,35,12,36,5,10,3,26,37,38,8,1,39,40,2,37,41,3,5,3,22,3,4,1,3,1,4,42,4,26,1,43,3,1,1,44,3,45,46,46,3,47,48,3,5,45,3,1,44,26,1,21,49,50,3,5,3,51,13,52,53,1,54,55,56,57,46,26,22,3,22,58,59,60,4,1,1,3,4,3,61,22,1,15,62,3,1,63,64,22,65,1,1,66,67,1,68,69,70,71,1,22,45,72,1,1,73,28,74,1,75,39,1,12,76,28,77,22,3,78,1,3,3,3,1,8,1,5,5,79,1,80,3,3,3,81,26,1,1,1,3,82,45,3,3,1
11,17,1,6,1,18,19,20,21,1,7,1,1,22,1,23,9,1,9,1,1,24,5,1,1,1,4,4,25,6,8,10,4,26,16,1,6,27,28,6,29,20,30,8,1,31,32,33,34,9,35,4,2,6,36,11,37,38,36,39,4,34,34,40,11,1,5,8,8,33,14,13,41,9,4,4,3,1,9,42,43,4,44,15,45,8,9,1,1,8,5,46,47,6,9,48,49,9,2,50,51,1,12,52,1,1,53,14,9,54,9,4,1,8,55,1,6,56,8,57,9,58,4,5,9,1,4,59,60,1,1,4,61,4,9,4,1,8,62,4,63,4,4,9,64,1,1,8,1,1,9,65,66,33,1,4,67,68,1,1,69,70,71,1,14,72,1,67,49,73,74,9,4,67,1,9,4,9,1,67,1,71,75,68,1,69,9,76,4,77,49,1,1,1,4,53,78,12,4,8
11,15,1,4,1,3,5,9,16,1,10,17,1,1,4,18,5,1,19,20,21,6,3,22,1,1,5,3,7,2,23,2,3,24,25,4,8,2,5,2,26,27,28,4,1,3,13,5,29,30,31,3,32,33,34,4,35,36,37,2,3,5,38,39,1,1,40,21,1,2,41,2,5,2,3,3,42,1,43,20,5,2,12,5,1,44,3,1,1,45,2,46,47,5,3,4,48,3,49,2,3,1,2,50,1,1,5,2,19,51,5,3,1,4,52,1,53,54,5,14,55,56,3,2,3,57,3,5,1,1,1,14,58,3,2,59,1,60,61,3,1,24,2,3,4,54,34,11,1,1,3,4,62,63,1,3,63,64,4,1,65,66,2,50,67,68,1,69,70,4,71,3,3,5,1,72,3,73,1,58,1,74,5,75,20,76,3,77,3,3,78,1,1,1,3,79,80,3,3,1
11,15,1,4,1,3,5,9,16,1,10,17,1,1,4,18,5,1,19,20,21,6,3,22,1,1,5,3,7,2,23,2,3,24,25,4,8,2,5,2,26,27,28,4,1,3,13,5,29,30,31,3,32,33,34,4,35,36,37,2,3,5,38,39,1,1,40,21,1,2,41,2,5,2,3,3,42,1,43,20,5,2,12,5,1,44,3,1,1,45,2,46,47,5,3,4,48,3,49,2,3,1,2,50,1,1,5,2,19,51,5,3,1,4,52,1,53,54,5,14,55,56,3,2,3,57,3,5,1,1,1,14,58,3,2,59,1,60,61,3,1,24,2,3,4,54,34,11,1,1,3,4,62,63,1,3,63,64,4,1,65,66,2,50,67,68,1,69,70,4,71,3,3,5,1,72,3,73,1,58,1,74,5,75,20,76,3,77,3,3,78,1,1,1,3,79,80,3,3,1
11,12,1,11,1,4,2,1,2,1,1,1,8,1,1,13,2,1,10,1,4,14,2,15,1,1,16,2,17,18,3,19,5,7,20,8,21,22,3,4,2,23,1,24,1,2,25,26,3,3,6,2,27,28,12,12,5,29,30,31,2,3,32,33,34,1,3,25,35,36,37,3,38,39,2,2,40,1,41,42,29,2,4,43,1,44,45,1,1,46,3,9,47,3,2,48,8,10,4,49,2,1,50,51,1,52,3,16,2,3,2,39,1,4,18,1,46,53,18,46,2,54,2,3,55,56,2,57,58,1,1,3,2,13,59,2,60,61,62,2,63,10,2,6,11,1,64,65,66,1,46,67,68,69,1,3,4,70,1,1,71,29,45,1,72,5,1,72,4,73,74,2,2,4,1,3,2,75,1,43,1,24,76,46,18,77,2,3,2,2,13,1,1,1,2,78,7,2,2,8
12,2,1,13,1,14,15,5,3,1,1,16,17,1,1,4,18,1,3,1,8,19,3,20,1,1,8,3,15,2,8,5,3,21,22,10,23,3,2,24,3,7,1,25,1,3,26,2,2,3,19,3,27,28,29,6,1,3,30,31,3,32,2,11,9,1,3,15,1,2,33,34,35,3,3,3,5,1,3,36,37,2,38,39,9,11,40,1,1,5,3,41,42,43,3,44,45,2,46,3,3,1,2,8,1,1,15,2,2,33,3,47,1,3,48,1,49,50,5,3,51,2,3,2,2,52,3,53,1,1,1,3,3,3,2,54,1,55,13,54,1,19,54,40,42,24,1,25,1,1,19,8,5,15,1,3,23,33,1,1,56,15,2,1,57,26,1,15,58,8,59,3,3,5,8,3,3,3,1,33,1,8,3,2,1,14,3,2,3,3,30,1,1,1,3,15,3,3,3,8
13,4,1,14,1,4,6,15,2,1,16,1,1,1,1,17,3,1,2,18,19,7,3,13,1,1,20,3,21,2,22,4,8,2,1,23,24,25,2,26,2,27,1,28,1,3,9,5,2,29,24,3,30,10,5,1,31,6,32,4,3,33,34,2,27,1,35,4,9,36,5,2,3,3,3,3,37,1,2,38,8,3,11,2,1,39,3,1,1,40,41,42,43,44,3,45,46,3,4,47,3,1,48,1,1,1,3,2,3,49,3,3,50,51,52,1,5,4,53,54,26,55,3,2,17,7,3,56,1,1,1,12,2,2,5,2,1,57,8,3,13,58,2,3,13,1,59,51,60,1,61,18,5,62,1,3,63,4,9,1,29,4,64,65,66,4,39,67,34,68,69,3,2,70,1,29,3,3,1,4,1,71,25,72,1,9,3,73,3,3,8,1,1,1,3,74,75,3,3,1
13,4,1,14,1,4,6,15,2,1,16,1,1,1,1,17,3,1,2,18,19,7,3,13,1,1,20,3,21,2,22,4,8,2,1,23,24,25,2,26,2,27,1,28,1,3,9,5,2,29,24,3,30,10,5,1,31,6,32,4,3,33,34,2,27,1,35,4,9,36,5,2,3,3,3,3,37,1,2,38,8,3,11,2,1,39,3,1,1,40,41,42,43,44,3,45,46,3,4,47,3,1,48,1,1,1,3,2,3,49,3,3,50,51,52,1,5,4,53,54,26,55,3,2,17,7,3,56,1,1,1,12,2,2,5,2,1,57,8,3,13,58,2,3,13,1,59,51,60,1,61,18,5,62,1,3,63,4,9,1,29,4,64,65,66,4,39,67,34,68,69,3,2,70,1,29,3,3,1,4,1,71,25,72,1,9,3,73,3,3,8,1,1,1,3,74,75,3,3,1
5,5,1,20,1,3,21,16,18,1,13,1,4,1,1,10,3,1,3,9,1,2,3,11,1,1,2,3,15,3,17,7,22,23,24,25,1,7,2,8,2,26,13,14,1,3,27,7,28,3,29,3,30,31,2,9,32,12,9,7,3,7,33,12,34,1,35,36,1,24,37,38,39,3,3,3,37,1,3,1,2,3,40,7,1,41,3,1,1,42,3,43,6,44,3,45,2,46,47,48,3,1,3,4,1,13,3,35,3,2,3,3,1,36,49,1,50,51,9,5,3,52,3,53,5,54,3,55,1,1,1,19,3,3,56,3,1,9,35,3,57,44,58,3,59,13,1,9,60,1,3,61,62,63,1,3,64,65,1,1,46,66,67,1,4,68,9,2,44,4,69,3,3,70,1,71,3,3,1,72,1,4,73,74,31,15,3,44,3,75,35,1,1,1,3,76,77,7,3,1
5,5,1,20,1,3,21,16,18,1,13,1,4,1,1,10,3,1,3,9,1,2,3,11,1,1,2,3,15,3,17,7,22,23,24,25,1,7,2,8,2,26,13,14,1,3,27,7,28,3,29,3,30,31,2,9,32,12,9,7,3,7,33,12,34,1,35,36,1,24,37,38,39,3,3,3,37,1,3,1,2,3,40,7,1,41,3,1,1,42,3,43,6,44,3,45,2,46,47,48,3,1,3,4,1,13,3,35,3,2,3,3,1,36,49,1,50,51,9,5,3,52,3,53,5,54,3,55,1,1,1,19,3,3,56,3,1,9,35,3,57,44,58,3,59,13,1,9,60,1,3,61,62,63,1,3,64,65,1,1,46,66,67,1,4,68,9,2,44,4,69,3,3,70,1,71,3,3,1,72,1,4,73,74,31,15,3,44,3,75,35,1,1,1,3,76,77,7,3,1
6,15,1,16,1,12,4,17,17,1,18,1,2,1,1,19,3,1,8,1,2,7,4,14,2,1,13,4,20,21,6,8,22,9,7,1,6,11,3,23,20,2,1,2,2,4,24,25,4,4,26,4,27,28,1,1,2,29,30,23,4,8,28,31,1,1,10,10,6,14,32,33,5,4,4,4,23,1,34,35,6,4,23,4,36,28,4,1,1,6,4,10,17,8,4,37,38,39,40,41,4,1,3,2,1,6,3,3,4,6,42,8,1,6,1,1,43,44,45,4,46,3,4,4,4,1,4,8,2,1,1,4,47,8,8,4,1,23,48,4,6,4,37,49,50,6,51,1,6,2,4,2,52,53,1,4,8,8,1,1,54,38,55,2,10,6,1,52,56,10,23,4,34,37,2,4,4,4,1,7,1,6,57,13,58,52,4,4,4,4,59,2,1,1,4,60,23,8,4,6
5,13,1,14,1,2,15,11,16,1,1,1,17,1,1,18,4,1,4,1,1,11,2,9,1,1,6,2,3,15,7,19,19,4,11,1,20,4,21,11,10,1,1,22,1,2,23,24,2,25,26,2,27,15,11,1,1,19,11,28,2,4,3,29,1,1,30,8,1,31,32,33,4,2,2,2,34,1,35,11,36,4,11,37,1,20,38,1,1,39,2,40,6,4,2,13,12,41,6,12,2,1,42,15,1,1,43,4,10,44,2,2,1,12,45,1,12,11,46,4,2,27,2,2,12,47,2,12,1,1,1,2,19,2,21,12,1,3,13,2,1,48,4,49,45,1,1,13,50,1,51,52,53,52,1,2,54,52,1,1,12,19,2,1,55,4,1,44,11,55,56,2,57,58,1,10,2,4,1,59,1,60,15,61,1,27,2,4,19,10,11,1,1,1,2,4,62,19,2,63
7,3,1,15,1,2,16,17,2,1,18,1,1,1,5,19,2,1,20,1,1,21,2,11,1,1,6,2,22,23,24,25,2,6,26,1,4,27,3,28,21,29,1,1,1,2,30,8,31,6,3,2,8,32,33,1,1,2,34,35,2,36,6,37,1,1,6,4,1,38,39,6,10,2,2,2,9,1,40,41,12,3,42,3,1,43,3,1,1,24,6,22,6,13,3,22,44,6,45,31,2,1,6,46,1,1,47,31,2,11,2,2,1,3,48,1,49,50,9,51,52,6,2,50,6,1,2,6,1,1,1,14,53,2,54,6,1,11,24,2,1,6,3,3,55,1,1,56,1,1,42,57,34,58,1,2,3,2,1,1,3,6,3,1,59,6,1,60,21,1,28,2,6,6,1,6,2,2,1,61,1,34,62,63,1,3,2,6,2,42,6,1,1,1,2,64,6,42,2,65
7,3,1,15,1,2,16,17,2,1,18,1,1,1,5,19,2,1,20,1,1,21,2,11,1,1,6,2,22,23,24,25,2,6,26,1,4,27,3,28,21,29,1,1,1,2,30,8,31,6,3,2,8,32,33,1,1,2,34,35,2,36,6,37,1,1,6,4,1,38,39,6,10,2,2,2,9,1,40,41,12,3,42,3,1,43,3,1,1,24,6,22,6,13,3,22,44,6,45,31,2,1,6,46,1,1,47,31,2,11,2,2,1,3,48,1,49,50,9,51,52,6,2,50,6,1,2,6,1,1,1,14,53,2,54,6,1,11,24,2,1,6,3,3,55,1,1,56,1,1,42,57,34,58,1,2,3,2,1,1,3,6,3,1,59,6,1,60,21,1,28,2,6,6,1,6,2,2,1,61,1,34,62,63,1,3,2,6,2,42,6,1,1,1,2,64,6,42,2,65
7,3,1,15,1,2,16,17,2,1,18,1,1,1,5,19,2,1,20,1,1,21,2,11,1,1,6,2,22,23,24,25,2,6,26,1,4,27,3,28,21,29,1,1,1,2,30,8,31,6,3,2,8,32,33,1,1,2,34,35,2,36,6,37,1,1,6,4,1,38,39,6,10,2,2,2,9,1,40,41,12,3,42,3,1,43,3,1,1,24,6,22,6,13,3,22,44,6,45,31,2,1,6,46,1,1,47,31,2,11,2,2,1,3,48,1,49,50,9,51,52,6,2,50,6,1,2,6,1,1,1,14,53,2,54,6,1,11,24,2,1,6,3,3,55,1,1,56,1,1,42,57,34,58,1,2,3,2,1,1,3,6,3,1,59,6,1,60,21,1,28,2,6,6,1,6,2,2,1,61,1,34,62,63,1,3,2,6,2,42,6,1,1,1,2,64,6,42,2,65
1,11,2,8,2,14,4,15,16,1,3,1,1,6,6,17,4,2,18,2,6,8,4,19,2,2,4,4,17,9,20,10,4,5,21,2,6,4,22,8,23,24,6,25,2,4,26,8,4,27,28,4,7,8,6,6,7,8,9,29,4,30,10,31,17,2,32,15,2,28,8,4,8,4,4,4,28,2,33,7,34,10,17,9,2,3,4,1,1,17,4,7,8,35,4,7,8,12,36,7,4,6,10,37,1,1,4,38,4,38,4,39,2,29,13,6,8,8,7,8,40,41,4,38,10,42,4,43,2,1,2,10,10,4,8,10,2,6,44,4,6,45,10,4,46,47,1,28,1,2,4,48,21,14,1,49,17,4,6,2,7,50,51,6,16,52,6,8,53,2,54,4,4,7,2,4,4,4,1,17,2,2,55,10,1,56,4,7,4,4,57,6,2,2,4,10,58,44,4,2
14,14,1,6,1,4,15,5,16,1,17,18,2,1,3,6,4,1,5,3,8,19,4,1,1,1,20,4,21,5,22,12,4,20,3,6,3,23,13,5,24,25,1,2,1,4,26,27,28,4,29,4,5,7,2,3,1,9,30,31,4,20,14,5,32,1,33,14,2,34,6,4,11,4,4,4,35,3,20,3,36,12,10,4,1,37,38,1,1,39,4,6,40,41,4,13,42,4,3,5,4,1,43,13,1,1,4,5,4,3,4,4,1,9,19,1,13,44,20,6,5,45,4,46,20,1,4,4,1,1,1,4,4,4,20,47,1,6,48,4,1,20,12,20,49,2,50,2,51,1,52,6,6,53,1,4,5,5,1,1,14,14,20,17,54,5,1,3,3,6,55,4,20,20,1,20,4,4,1,56,1,3,20,4,2,2,43,43,4,4,57,1,1,1,4,4,58,4,4,1
14,14,1,6,1,4,15,5,16,1,17,18,2,1,3,6,4,1,5,3,8,19,4,1,1,1,20,4,21,5,22,12,4,20,3,6,3,23,13,5,24,25,1,2,1,4,26,27,28,4,29,4,5,7,2,3,1,9,30,31,4,20,14,5,32,1,33,14,2,34,6,4,11,4,4,4,35,3,20,3,36,12,10,4,1,37,38,1,1,39,4,6,40,41,4,13,42,4,3,5,4,1,43,13,1,1,4,5,4,3,4,4,1,9,19,1,13,44,20,6,5,45,4,46,20,1,4,4,1,1,1,4,4,4,20,47,1,6,48,4,1,20,12,20,49,2,50,2,51,1,52,6,6,53,1,4,5,5,1,1,14,14,20,17,54,5,1,3,3,6,55,4,20,20,1,20,4,4,1,56,1,3,20,4,2,2,43,43,4,4,57,1,1,1,4,4,58,4,4,1
3,7,2,13,1,4,5,3,5,1,14,1,2,1,2,15,6,1,5,3,1,16,4,9,2,1,5,4,17,8,2,5,18,19,2,20,2,12,11,21,22,23,2,3,2,4,13,24,13,4,25,4,26,3,13,2,2,4,27,10,4,13,13,28,14,2,11,29,2,11,30,4,5,4,4,4,3,2,4,3,31,4,32,33,34,7,35,2,2,5,4,36,5,37,4,26,38,4,3,5,4,39,40,41,1,2,42,43,5,44,5,5,2,19,45,2,32,46,47,5,11,26,4,48,4,2,4,3,2,1,1,4,4,4,49,50,1,39,51,4,52,5,13,53,54,2,2,45,2,1,55,29,56,57,1,5,58,13,2,59,60,32,61,2,11,45,2,2,62,2,10,4,4,13,2,4,5,4,1,30,1,32,13,4,2,13,4,4,4,26,45,2,2,1,4,3,63,5,4,1
3,7,2,13,1,4,5,3,5,1,14,1,2,1,2,15,6,1,5,3,1,16,4,9,2,1,5,4,17,8,2,5,18,19,2,20,2,12,11,21,22,23,2,3,2,4,13,24,13,4,25,4,26,3,13,2,2,4,27,10,4,13,13,28,14,2,11,29,2,11,30,4,5,4,4,4,3,2,4,3,31,4,32,33,34,7,35,2,2,5,4,36,5,37,4,26,38,4,3,5,4,39,40,41,1,2,42,43,5,44,5,5,2,19,45,2,32,46,47,5,11,26,4,48,4,2,4,3,2,1,1,4,4,4,49,50,1,39,51,4,52,5,13,53,54,2,2,45,2,1,55,29,56,57,1,5,58,13,2,59,60,32,61,2,11,45,2,2,62,2,10,4,4,13,2,4,5,4,1,30,1,32,13,4,2,13,4,4,4,26,45,2,2,1,4,3,63,5,4,1
8,13,1,8,1,4,4,4,14,1,7,2,5,1,1,8,15,1,3,16,8,17,4,8,1,1,7,3,4,7,8,3,4,4,18,19,13,4,8,9,4,8,20,8,1,3,8,21,7,3,12,3,3,8,8,1,13,15,22,9,3,7,23,7,24,1,25,26,8,7,10,4,4,3,3,3,27,1,14,8,28,4,6,11,13,4,29,1,1,8,30,8,31,32,3,8,13,3,33,34,3,1,4,8,1,1,4,3,3,35,3,4,8,36,37,1,7,7,8,7,4,9,3,14,4,1,3,38,1,1,1,3,39,3,4,4,1,8,9,3,18,4,9,3,40,8,13,8,41,1,42,27,43,15,1,44,45,46,1,1,11,47,4,1,8,9,8,7,7,1,8,3,6,4,1,3,3,3,1,48,1,49,6,9,8,39,3,4,3,3,43,1,1,1,3,9,4,15,3,1
8,13,1,8,1,4,4,4,14,1,7,2,5,1,1,8,15,1,3,16,8,17,4,8,1,1,7,3,4,7,8,3,4,4,18,19,13,4,8,9,4,8,20,8,1,3,8,21,7,3,12,3,3,8,8,1,13,15,22,9,3,7,23,7,24,1,25,26,8,7,10,4,4,3,3,3,27,1,14,8,28,4,6,11,13,4,29,1,1,8,30,8,31,32,3,8,13,3,33,34,3,1,4,8,1,1,4,3,3,35,3,4,8,36,37,1,7,7,8,7,4,9,3,14,4,1,3,38,1,1,1,3,39,3,4,4,1,8,9,3,18,4,9,3,40,8,13,8,41,1,42,27,43,15,1,44,45,46,1,1,11,47,4,1,8,9,8,7,7,1,8,3,6,4,1,3,3,3,1,48,1,49,6,9,8,39,3,4,3,3,43,1,1,1,3,9,4,15,3,1
3,15,1,16,1,17,2,18,6,1,19,9,1,1,1,20,21,1,2,1,22,23,2,1,1,1,24,2,25,7,12,26,21,10,27,28,1,27,4,8,29,30,1,11,1,2,31,32,5,33,34,2,2,35,36,11,37,38,11,39,2,40,2,41,30,1,42,43,44,45,25,2,46,2,13,47,48,1,2,1,49,2,11,50,1,43,51,1,1,52,2,53,2,23,2,26,54,2,55,56,2,1,2,57,1,1,12,6,2,58,2,59,1,56,60,1,61,62,63,47,2,64,2,2,27,65,2,2,1,1,1,14,46,2,32,2,1,66,67,2,1,21,2,2,68,27,1,69,11,1,2,27,70,71,1,2,72,73,1,1,74,32,75,1,1,76,1,72,77,78,54,2,21,79,80,70,2,2,1,81,1,82,59,2,1,44,2,83,2,2,72,1,1,1,2,84,33,2,2,1
6,11,1,12,1,2,9,13,14,1,15,1,16,1,1,7,2,1,3,1,17,6,2,18,1,1,2,2,19,20,21,22,2,23,24,17,25,9,26,16,27,28,1,6,1,2,5,17,29,30,31,2,32,33,34,1,35,36,9,37,2,9,4,38,1,1,5,39,1,40,41,2,42,2,2,2,43,1,44,45,46,47,48,49,1,45,2,1,1,8,2,50,51,40,2,21,38,52,53,3,2,1,2,54,1,1,55,22,2,17,2,2,1,56,57,1,45,4,13,58,59,4,2,60,2,21,2,38,1,1,1,10,61,2,5,2,1,5,62,2,1,63,52,2,64,65,13,66,1,1,2,67,19,9,1,22,9,40,17,1,68,69,70,71,7,43,72,5,73,1,74,2,2,75,76,2,22,22,1,77,1,78,79,80,1,81,2,82,2,83,84,1,1,1,2,5,9,2,2,1
13,6,1,7,1,2,3,4,5,1,8,1,14,1,1,3,2,1,2,1,1,12,2,1,1,1,2,2,15,16,17,18,2,19,20,21,1,5,22,23,3,8,1,6,1,2,9,10,18,2,4,2,24,25,26,1,1,12,11,27,2,28,3,29,28,1,5,1,6,5,6,30,31,2,2,2,32,1,33,34,35,2,36,5,1,11,2,1,1,37,2,38,39,40,41,42,43,2,44,45,2,1,2,46,1,1,47,48,2,49,2,2,1,15,50,1,51,52,53,54,2,55,56,57,58,59,2,60,1,1,1,2,2,2,61,2,1,62,6,2,1,2,63,2,64,1,65,66,1,1,2,67,6,68,1,2,69,2,1,1,70,71,72,1,73,74,1,75,76,1,15,2,77,12,1,78,2,2,1,79,1,80,81,82,6,20,2,2,2,2,83,1,1,1,2,5,2,84,2,1
11,12,1,7,1,3,2,13,2,1,14,1,1,1,15,16,3,1,2,1,1,17,2,18,1,1,10,2,6,19,9,2,7,20,21,1,1,4,22,23,2,1,1,24,1,3,10,25,26,27,28,2,29,30,18,1,31,5,32,9,2,33,10,8,34,1,19,35,1,10,18,3,36,2,2,2,37,1,38,1,19,10,39,5,1,40,2,1,41,42,3,43,44,45,2,36,46,2,10,47,2,1,2,1,1,1,5,48,2,49,2,50,1,51,1,1,52,53,39,54,55,56,2,3,3,57,3,19,58,1,1,2,2,2,10,2,1,36,10,2,59,60,10,2,61,62,63,64,1,1,65,18,20,53,1,2,19,66,1,1,10,67,68,1,53,10,1,36,69,1,53,2,70,20,64,3,10,2,1,71,1,72,20,19,1,73,2,74,3,2,75,76,1,1,2,48,2,2,2,1
13,8,1,11,1,15,7,16,4,1,3,17,18,6,1,19,4,1,20,21,1,12,2,22,23,9,24,2,15,25,26,27,11,28,29,1,1,3,30,8,5,8,1,3,1,2,31,3,8,5,32,2,22,33,34,10,1,35,3,36,2,37,5,4,1,1,38,3,1,39,40,2,41,2,2,2,14,1,42,43,44,2,45,46,47,48,37,1,1,3,2,11,29,49,4,8,50,2,5,37,2,1,51,52,1,1,20,53,2,3,2,2,1,54,55,1,3,50,8,22,22,56,2,57,2,58,2,49,43,1,1,2,59,2,60,61,1,62,63,64,65,66,54,67,68,8,8,69,1,1,2,3,33,3,1,22,70,71,1,1,3,72,73,58,3,65,58,5,8,74,37,2,49,75,76,77,2,78,1,51,1,1,5,79,80,81,64,5,2,82,3,1,1,1,2,83,5,36,2,1
15,7,1,17,1,5,12,18,2,1,19,1,3,1,1,7,2,1,2,20,7,7,2,1,21,1,2,2,4,22,3,15,5,5,13,11,1,12,2,23,24,25,1,7,26,4,27,28,2,2,23,4,6,29,16,7,7,30,7,5,4,9,31,32,33,1,34,21,14,35,36,37,38,2,4,4,7,1,39,40,41,2,8,42,7,1,2,1,1,10,43,44,6,45,4,46,6,6,47,48,2,1,2,49,1,1,2,4,4,7,4,2,50,51,7,1,52,21,53,23,54,55,4,2,2,7,2,34,7,1,1,2,2,4,56,2,1,7,57,2,1,28,58,4,59,7,7,60,7,1,4,7,61,62,1,4,57,5,1,1,16,5,55,21,63,64,1,7,65,7,66,2,67,24,1,2,2,4,1,15,1,64,23,68,7,55,4,69,2,4,7,1,7,1,4,2,70,2,4,7
13,14,1,18,9,19,7,20,21,1,22,15,1,1,1,23,4,1,24,1,25,8,2,15,1,1,26,2,11,27,28,29,4,5,10,9,30,4,11,15,31,3,1,10,1,2,16,2,12,2,16,2,32,15,3,1,1,31,33,34,2,35,36,6,37,1,38,39,15,40,41,4,42,2,2,2,43,1,17,15,44,2,45,29,1,46,4,1,3,17,47,32,2,48,2,49,9,4,50,2,2,1,2,15,1,1,51,52,4,13,29,4,15,4,53,1,9,30,31,54,4,55,2,56,4,15,2,45,57,1,15,2,58,29,59,4,15,59,60,2,15,4,61,2,62,15,63,64,65,15,66,67,68,4,1,4,48,4,1,1,32,13,69,1,9,70,71,72,73,15,74,2,2,17,75,76,2,2,1,13,1,77,78,2,13,9,2,4,2,4,62,1,1,1,2,79,25,2,2,1
13,14,1,18,9,19,7,20,21,1,22,15,1,1,1,23,4,1,24,1,25,8,2,15,1,1,26,2,11,27,28,29,4,5,10,9,30,4,11,15,31,3,1,10,1,2,16,2,12,2,16,2,32,15,3,1,1,31,33,34,2,35,36,6,37,1,38,39,15,40,41,4,42,2,2,2,43,1,17,15,44,2,45,29,1,46,4,1,3,17,47,32,2,48,2,49,9,4,50,2,2,1,2,15,1,1,51,52,4,13,29,4,15,4,53,1,9,30,31,54,4,55,2,56,4,15,2,45,57,1,15,2,58,29,59,4,15,59,60,2,15,4,61,2,62,15,63,64,65,15,66,67,68,4,1,4,48,4,1,1,32,13,69,1,9,70,71,72,73,15,74,2,2,17,75,76,2,2,1,13,1,77,78,2,13,9,2,4,2,4,62,1,1,1,2,79,25,2,2,1
9,16,1,17,1,8,3,10,18,1,5,1,1,1,1,4,19,1,20,1,5,21,2,6,1,1,22,2,23,18,5,2,2,2,24,7,1,25,26,4,27,4,1,28,1,2,4,29,3,2,4,2,15,30,5,13,31,3,32,29,2,3,11,33,34,1,9,9,1,4,11,2,3,2,2,2,3,1,35,36,12,2,37,14,1,24,2,1,1,38,2,18,2,8,2,4,39,40,41,4,2,1,2,24,1,24,42,43,42,7,2,2,1,41,44,1,45,46,4,9,8,8,2,47,8,48,2,3,1,1,1,2,8,2,49,2,1,41,27,2,1,50,2,2,51,41,1,52,9,1,2,4,4,24,53,54,8,55,1,1,56,3,8,1,9,9,57,58,41,1,4,2,59,60,1,19,2,12,1,61,1,57,8,25,62,63,2,14,2,2,8,1,1,1,2,64,8,18,2,1
11,4,1,12,1,13,7,14,3,1,6,1,1,1,1,3,2,1,3,1,15,16,3,1,6,1,2,2,3,3,8,3,17,2,4,6,4,18,3,19,3,20,21,22,1,2,23,24,25,2,26,2,5,4,6,6,27,26,28,3,2,4,3,29,6,1,3,4,30,31,6,3,9,2,2,2,3,1,2,32,33,2,3,2,6,34,2,1,35,3,2,36,3,37,38,19,10,2,36,39,2,1,3,35,1,1,40,41,2,42,2,2,1,6,43,1,19,4,44,2,3,3,2,2,3,45,2,19,1,4,1,2,46,2,3,3,4,6,47,2,48,49,2,2,50,4,4,51,4,1,2,6,52,26,1,3,53,3,1,1,54,12,55,4,3,6,10,3,6,4,12,3,3,3,1,3,2,2,1,56,1,57,3,26,4,58,2,3,2,3,3,1,1,1,2,3,59,2,2,1
11,4,1,12,1,13,7,14,3,1,6,1,1,1,1,3,2,1,3,1,15,16,3,1,6,1,2,2,3,3,8,3,17,2,4,6,4,18,3,19,3,20,21,22,1,2,23,24,25,2,26,2,5,4,6,6,27,26,28,3,2,4,3,29,6,1,3,4,30,31,6,3,9,2,2,2,3,1,2,32,33,2,3,2,6,34,2,1,35,3,2,36,3,37,38,19,10,2,36,39,2,1,3,35,1,1,40,41,2,42,2,2,1,6,43,1,19,4,44,2,3,3,2,2,3,45,2,19,1,4,1,2,46,2,3,3,4,6,47,2,48,49,2,2,50,4,4,51,4,1,2,6,52,26,1,3,53,3,1,1,54,12,55,4,3,6,10,3,6,4,12,3,3,3,1,3,2,2,1,56,1,57,3,26,4,58,2,3,2,3,3,1,1,1,2,3,59,2,2,1
8,14,1,15,1,16,8,5,3,1,17,1,1,1,1,18,3,1,7,1,1,19,3,1,1,1,3,3,20,21,22,3,23,3,10,10,10,4,24,25,26,22,1,6,1,3,9,27,8,2,6,3,28,29,13,1,1,3,10,11,3,6,30,8,31,1,4,32,1,33,4,34,2,3,3,3,35,1,4,1,36,12,37,38,5,39,12,1,1,40,3,4,3,41,42,6,43,12,2,4,3,1,3,44,1,1,45,46,3,8,3,3,1,6,47,1,6,48,8,3,49,16,3,50,3,1,3,51,1,1,1,3,3,3,52,3,1,1,53,3,1,8,3,3,5,1,54,55,54,1,56,57,58,59,54,3,60,3,1,1,61,62,63,1,64,65,1,10,66,1,12,3,3,67,1,68,3,3,1,2,1,5,69,70,1,10,3,71,3,3,53,1,1,1,3,72,2,3,3,1
11,12,1,4,1,3,13,14,2,1,15,1,1,1,1,5,2,1,16,1,1,17,2,18,1,1,19,2,20,21,22,3,8,23,24,1,25,3,9,7,2,1,1,4,1,2,26,27,12,2,28,2,29,30,1,1,1,22,31,4,2,4,9,9,4,1,8,32,9,22,20,2,33,34,2,2,20,1,2,22,9,2,21,2,35,36,2,37,1,18,2,9,3,38,2,22,10,2,39,40,2,1,2,12,1,4,41,42,2,43,44,2,45,46,47,1,48,49,50,3,6,4,2,12,9,22,2,51,1,1,1,2,2,2,4,52,1,4,20,2,1,2,53,54,55,22,1,9,1,1,56,5,57,9,1,3,58,9,1,1,59,60,12,1,61,62,63,9,12,1,1,2,2,64,1,8,2,3,1,65,1,66,9,9,1,20,2,8,2,2,67,1,1,1,2,52,56,2,2,1
15,11,1,8,1,4,5,16,17,1,18,6,19,1,1,20,2,1,9,1,1,3,2,21,1,1,22,2,12,2,23,7,2,24,25,26,27,28,29,3,30,31,1,32,1,2,33,34,4,2,5,35,3,36,16,1,1,37,13,14,2,38,39,16,40,1,5,41,1,42,5,10,43,2,2,2,44,1,45,1,46,32,47,5,1,13,2,1,1,48,49,50,5,5,2,51,52,2,53,54,2,1,4,55,1,1,2,56,2,57,2,4,1,33,58,1,59,5,5,2,60,61,2,4,9,1,2,2,62,1,1,2,4,63,17,4,1,64,65,2,1,2,4,2,66,67,68,69,1,1,3,70,25,71,1,2,72,73,74,1,4,75,76,1,5,77,1,78,58,1,79,2,2,80,1,2,2,2,1,81,1,1,82,83,1,69,2,2,2,2,84,1,1,1,2,85,86,65,2,1
17,13,1,8,1,7,2,12,18,1,19,20,21,1,1,10,3,1,22,1,1,12,3,23,1,1,24,25,2,5,15,2,4,3,1,1,26,10,27,28,2,29,30,9,1,3,31,22,2,3,32,3,3,14,14,13,20,6,33,16,3,34,15,35,1,1,12,10,11,36,37,3,2,3,3,3,38,1,3,39,40,3,34,3,1,41,3,1,1,42,3,43,2,2,3,44,12,10,14,2,45,1,34,1,1,1,2,3,3,12,3,3,1,46,13,1,47,15,48,49,10,50,3,2,3,10,3,2,51,1,1,6,24,3,8,2,1,52,13,3,1,3,3,53,8,1,51,54,20,1,2,55,56,57,1,58,14,59,1,1,10,2,60,1,61,62,1,8,13,1,63,3,3,34,1,3,64,3,1,10,1,65,3,66,62,67,3,68,3,3,69,1,1,1,3,70,71,72,3,1
8,10,1,11,1,10,2,12,13,1,8,1,1,1,1,8,3,1,4,1,8,14,2,1,1,1,15,3,16,17,18,2,3,19,1,5,1,2,20,21,22,23,1,24,1,3,2,2,25,2,6,3,2,10,26,1,8,27,7,28,3,29,3,30,1,1,2,2,8,31,2,2,12,3,3,3,32,1,33,1,34,35,36,2,1,1,2,1,1,9,3,37,38,39,3,40,7,3,17,3,3,1,2,1,1,1,41,42,3,12,3,3,1,43,44,1,2,45,46,2,33,29,3,47,48,1,3,2,1,1,1,4,17,3,2,4,1,15,49,3,1,2,50,3,51,8,1,52,53,1,4,54,15,12,1,55,56,10,1,1,57,36,15,1,4,58,1,2,8,59,60,3,61,12,1,2,62,63,1,64,1,65,3,66,1,67,3,17,3,3,68,1,1,1,3,69,70,3,3,71
8,10,1,11,1,10,2,12,13,1,8,1,1,1,1,8,3,1,4,1,8,14,2,1,1,1,15,3,16,17,18,2,3,19,1,5,1,2,20,21,22,23,1,24,1,3,2,2,25,2,6,3,2,10,26,1,8,27,7,28,3,29,3,30,1,1,2,2,8,31,2,2,12,3,3,3,32,1,33,1,34,35,36,2,1,1,2,1,1,9,3,37,38,39,3,40,7,3,17,3,3,1,2,1,1,1,41,42,3,12,3,3,1,43,44,1,2,45,46,2,33,29,3,47,48,1,3,2,1,1,1,4,17,3,2,4,1,15,49,3,1,2,50,3,51,8,1,52,53,1,4,54,15,12,1,55,56,10,1,1,57,36,15,1,4,58,1,2,8,59,60,3,61,12,1,2,62,63,1,64,1,65,3,66,1,67,3,17,3,3,68,1,1,1,3,69,70,3,3,71
13,14,1,15,1,3,11,16,2,1,4,1,1,1,1,2,6,1,3,17,8,16,3,1,1,1,3,18,7,19,1,3,20,2,21,1,1,9,2,22,23,24,1,25,1,3,2,2,26,4,27,3,2,9,12,1,9,28,29,4,3,30,2,14,1,1,31,9,1,32,33,2,34,3,3,3,35,1,36,37,10,28,8,2,9,38,3,1,1,16,3,33,2,39,3,40,25,33,41,42,3,1,3,9,1,1,43,2,3,44,7,3,1,45,46,1,22,9,28,4,2,47,3,48,3,1,3,2,1,1,1,5,3,3,49,3,1,8,50,3,1,9,2,3,51,1,52,53,1,1,3,54,55,30,1,3,30,2,1,1,9,56,57,1,58,33,8,14,2,59,25,3,33,60,1,3,3,61,1,4,1,1,62,2,1,54,3,2,3,33,63,1,1,1,3,64,2,3,3,65
13,14,1,15,1,3,11,16,2,1,4,1,1,1,1,2,6,1,3,17,8,16,3,1,1,1,3,18,7,19,1,3,20,2,21,1,1,9,2,22,23,24,1,25,1,3,2,2,26,4,27,3,2,9,12,1,9,28,29,4,3,30,2,14,1,1,31,9,1,32,33,2,34,3,3,3,35,1,36,37,10,28,8,2,9,38,3,1,1,16,3,33,2,39,3,40,25,33,41,42,3,1,3,9,1,1,43,2,3,44,7,3,1,45,46,1,22,9,28,4,2,47,3,48,3,1,3,2,1,1,1,5,3,3,49,3,1,8,50,3,1,9,2,3,51,1,52,53,1,1,3,54,55,30,1,3,30,2,1,1,9,56,57,1,58,33,8,14,2,59,25,3,33,60,1,3,3,61,1,4,1,1,62,2,1,54,3,2,3,33,63,1,1,1,3,64,2,3,3,65
5,15,1,16,1,2,11,7,2,1,1,17,1,1,1,18,3,1,2,19,1,11,3,13,1,1,20,3,21,22,23,11,2,2,8,24,1,25,7,8,26,27,1,19,1,3,9,28,29,10,30,3,9,31,18,1,1,2,32,4,3,33,2,34,35,1,36,37,1,12,2,3,11,3,3,3,34,1,2,18,38,39,40,2,1,41,26,1,1,42,3,12,2,43,3,44,14,3,45,46,3,1,47,1,1,1,3,2,2,48,47,3,1,2,49,1,50,51,52,21,53,54,3,2,2,18,3,2,1,1,1,6,2,3,55,2,1,24,56,3,1,3,2,3,57,1,1,58,59,1,2,16,60,19,1,2,2,2,61,1,62,12,2,63,64,11,65,2,66,67,68,3,69,60,1,3,3,3,1,7,1,1,2,8,18,7,3,70,3,3,11,1,1,1,3,2,2,3,3,1
5,15,1,16,1,2,11,7,2,1,1,17,1,1,1,18,3,1,2,19,1,11,3,13,1,1,20,3,21,22,23,11,2,2,8,24,1,25,7,8,26,27,1,19,1,3,9,28,29,10,30,3,9,31,18,1,1,2,32,4,3,33,2,34,35,1,36,37,1,12,2,3,11,3,3,3,34,1,2,18,38,39,40,2,1,41,26,1,1,42,3,12,2,43,3,44,14,3,45,46,3,1,47,1,1,1,3,2,2,48,47,3,1,2,49,1,50,51,52,21,53,54,3,2,2,18,3,2,1,1,1,6,2,3,55,2,1,24,56,3,1,3,2,3,57,1,1,58,59,1,2,16,60,19,1,2,2,2,61,1,62,12,2,63,64,11,65,2,66,67,68,3,69,60,1,3,3,3,1,7,1,1,2,8,18,7,3,70,3,3,11,1,1,1,3,2,2,3,3,1
5,15,1,16,1,2,11,7,2,1,1,17,1,1,1,18,3,1,2,19,1,11,3,13,1,1,20,3,21,22,23,11,2,2,8,24,1,25,7,8,26,27,1,19,1,3,9,28,29,10,30,3,9,31,18,1,1,2,32,4,3,33,2,34,35,1,36,37,1,12,2,3,11,3,3,3,34,1,2,18,38,39,40,2,1,41,26,1,1,42,3,12,2,43,3,44,14,3,45,46,3,1,47,1,1,1,3,2,2,48,47,3,1,2,49,1,50,51,52,21,53,54,3,2,2,18,3,2,1,1,1,6,2,3,55,2,1,24,56,3,1,3,2,3,57,1,1,58,59,1,2,16,60,19,1,2,2,2,61,1,62,12,2,63,64,11,65,2,66,67,68,3,69,60,1,3,3,3,1,7,1,1,2,8,18,7,3,70,3,3,11,1,1,1,3,2,2,3,3,1
11,12,1,8,1,4,2,13,14,1,15,1,1,1,1,16,3,1,3,17,1,18,2,19,1,1,20,10,14,7,1,3,2,4,1,1,21,22,8,23,8,1,1,19,1,3,24,4,25,3,6,2,26,27,28,1,6,29,30,5,2,4,4,5,1,1,31,15,1,10,32,3,33,2,2,2,34,1,3,19,34,3,35,5,1,9,2,1,1,36,2,37,11,7,4,38,8,3,39,40,2,1,2,41,1,1,2,42,3,43,3,3,1,44,45,1,46,47,48,49,50,51,3,3,52,15,2,3,1,1,1,3,53,2,54,3,1,1,4,2,1,7,55,3,46,56,57,58,56,1,3,59,19,3,1,3,57,60,1,1,44,8,61,1,62,63,1,56,64,1,5,3,2,8,1,65,2,3,1,4,1,66,2,8,67,8,3,68,2,3,69,1,1,1,2,70,10,3,2,1
15,6,1,16,1,17,18,10,19,1,20,1,1,1,1,21,3,1,22,1,1,7,3,14,1,1,3,2,4,23,4,3,23,24,25,1,1,9,3,4,3,1,26,13,1,2,7,27,4,2,4,3,11,6,1,1,7,5,12,13,3,4,8,4,1,1,4,4,1,4,5,6,23,3,2,3,28,1,3,29,4,5,11,3,30,7,31,1,1,14,5,4,32,5,3,19,33,3,34,35,3,1,3,1,1,1,36,5,3,4,3,2,1,37,27,1,7,38,4,39,40,41,42,5,43,44,45,46,1,1,1,3,47,3,48,3,1,1,5,3,1,49,4,3,50,13,1,51,7,1,2,29,52,23,1,2,3,15,1,1,7,21,4,1,53,54,1,4,55,1,15,3,5,5,1,2,3,5,1,23,1,1,3,5,1,56,5,5,3,2,5,1,1,1,3,4,3,3,3,1
16,4,1,17,1,2,18,19,3,1,5,1,1,1,1,1,2,1,20,1,1,7,2,1,1,1,6,2,9,3,21,22,2,23,8,8,24,25,8,10,26,27,1,11,1,3,7,15,12,9,18,2,6,21,8,1,1,2,8,6,2,28,29,6,30,1,31,32,1,33,34,14,6,2,2,2,35,1,3,8,13,33,6,36,37,15,2,1,1,38,6,18,6,39,2,5,40,2,41,9,2,1,2,42,1,1,3,43,2,44,2,3,1,14,18,1,18,45,46,47,6,48,2,49,50,51,3,52,1,1,1,3,2,2,6,53,1,54,6,2,55,56,57,58,59,1,7,60,1,1,6,61,8,6,1,18,6,43,62,1,63,53,6,1,64,65,66,67,68,1,43,2,2,3,1,69,2,2,1,18,1,70,6,56,1,71,2,72,3,3,73,1,1,1,2,74,6,3,2,1
16,4,1,17,1,2,18,19,3,1,5,1,1,1,1,1,2,1,20,1,1,7,2,1,1,1,6,2,9,3,21,22,2,23,8,8,24,25,8,10,26,27,1,11,1,3,7,15,12,9,18,2,6,21,8,1,1,2,8,6,2,28,29,6,30,1,31,32,1,33,34,14,6,2,2,2,35,1,3,8,13,33,6,36,37,15,2,1,1,38,6,18,6,39,2,5,40,2,41,9,2,1,2,42,1,1,3,43,2,44,2,3,1,14,18,1,18,45,46,47,6,48,2,49,50,51,3,52,1,1,1,3,2,2,6,53,1,54,6,2,55,56,57,58,59,1,7,60,1,1,6,61,8,6,1,18,6,43,62,1,63,53,6,1,64,65,66,67,68,1,43,2,2,3,1,69,2,2,1,18,1,70,6,56,1,71,2,72,3,3,73,1,1,1,2,74,6,3,2,1
16,4,1,17,1,2,18,19,3,1,5,1,1,1,1,1,2,1,20,1,1,7,2,1,1,1,6,2,9,3,21,22,2,23,8,8,24,25,8,10,26,27,1,11,1,3,7,15,12,9,18,2,6,21,8,1,1,2,8,6,2,28,29,6,30,1,31,32,1,33,34,14,6,2,2,2,35,1,3,8,13,33,6,36,37,15,2,1,1,38,6,18,6,39,2,5,40,2,41,9,2,1,2,42,1,1,3,43,2,44,2,3,1,14,18,1,18,45,46,47,6,48,2,49,50,51,3,52,1,1,1,3,2,2,6,53,1,54,6,2,55,56,57,58,59,1,7,60,1,1,6,61,8,6,1,18,6,43,62,1,63,53,6,1,64,65,66,67,68,1,43,2,2,3,1,69,2,2,1,18,1,70,6,56,1,71,2,72,3,3,73,1,1,1,2,74,6,3,2,1
12,13,1,14,1,2,15,16,4,1,8,17,18,1,1,6,3,1,5,19,1,20,2,7,1,1,3,2,9,21,1,5,11,2,22,1,1,23,4,24,5,25,1,1,1,2,26,27,28,29,10,2,5,1,30,31,8,4,32,5,2,33,4,34,1,1,3,35,1,6,9,2,36,5,2,2,37,1,5,1,38,5,39,3,1,40,3,1,1,41,3,42,3,43,2,44,19,2,5,11,2,1,2,1,1,1,3,3,3,1,11,5,1,34,8,1,45,46,47,3,48,48,2,4,5,49,3,50,51,1,1,3,3,5,3,3,1,52,5,53,54,5,5,5,22,1,55,56,1,1,57,1,4,58,1,4,59,5,1,1,4,4,5,60,61,4,1,62,63,32,32,2,5,64,1,4,2,5,1,58,1,1,65,3,1,66,5,67,2,2,68,1,1,1,2,69,5,3,2,1
1,17,1,18,1,19,7,3,7,1,5,1,1,1,1,20,2,1,7,11,1,10,21,22,1,1,4,2,15,23,24,9,25,15,26,27,12,7,4,28,6,29,1,29,1,2,8,14,6,2,8,2,30,31,32,1,33,4,34,35,2,36,37,4,38,1,15,39,10,10,4,2,14,15,2,2,6,12,4,6,40,2,15,13,41,10,4,1,1,42,2,43,44,45,2,46,47,2,48,4,49,1,2,31,1,1,4,15,2,15,2,2,12,15,5,1,50,16,51,4,4,7,2,7,2,14,2,4,1,52,12,4,53,2,54,55,1,7,15,2,1,2,4,2,56,1,12,31,1,1,15,6,31,26,1,2,6,57,12,1,4,6,10,1,6,7,58,59,15,60,26,4,61,62,1,7,2,2,1,6,1,1,63,7,1,26,2,64,2,2,10,1,1,1,2,10,38,2,2,1
11,12,1,13,1,14,15,9,2,1,1,1,1,1,16,17,5,1,10,18,1,19,2,20,1,1,5,2,21,22,23,24,2,6,25,9,26,27,3,4,2,1,1,28,1,2,29,9,6,3,30,2,31,32,1,1,9,33,34,35,2,36,37,8,38,1,39,40,9,41,42,2,43,2,2,2,44,1,4,1,45,2,46,34,47,48,2,1,1,10,2,7,4,49,2,50,51,2,52,53,2,1,54,9,1,1,2,33,2,55,2,5,56,57,16,1,58,59,60,61,62,17,2,53,4,63,2,64,1,1,1,2,65,2,66,4,1,57,67,2,68,69,2,2,39,1,70,71,72,1,3,9,51,30,1,2,70,7,1,1,73,27,2,1,49,74,1,75,76,9,77,2,2,78,79,3,2,4,1,42,1,1,80,27,81,82,2,3,2,2,83,1,1,1,2,2,2,4,2,47
10,11,1,12,1,4,13,3,14,1,15,1,1,16,1,17,2,1,2,1,18,19,4,20,1,1,21,2,22,8,5,4,3,23,24,25,26,22,27,28,2,29,1,30,5,2,6,31,32,4,33,2,22,34,1,1,35,4,17,22,2,30,36,3,37,1,3,38,1,7,3,2,39,2,2,2,40,1,2,1,41,2,2,3,42,3,2,1,1,43,2,44,3,45,2,46,47,2,3,13,2,1,2,1,1,1,4,2,2,48,2,49,1,50,51,1,1,52,53,54,2,55,2,21,13,56,2,3,1,1,1,9,2,2,57,2,1,1,3,4,58,59,2,2,19,1,1,60,1,1,2,61,62,63,1,2,64,2,65,1,66,3,67,1,68,69,1,70,9,1,71,2,72,73,74,75,2,2,1,76,1,1,32,77,78,48,2,79,80,3,81,1,1,1,2,47,82,2,2,1
1,9,1,6,1,12,2,2,3,1,1,1,1,1,1,13,3,1,2,1,4,8,3,1,1,1,14,3,15,2,16,3,17,3,7,1,1,18,2,5,2,19,1,20,1,3,21,22,23,24,3,3,3,2,1,1,7,2,9,9,15,4,9,25,26,1,27,11,1,28,29,2,30,3,3,3,31,1,3,1,2,30,30,3,32,33,3,1,1,9,3,2,34,35,3,10,36,37,17,3,3,1,3,38,1,39,3,3,3,40,3,3,1,41,42,1,42,43,9,2,2,44,3,17,3,45,3,2,1,1,1,3,3,3,2,34,1,9,46,3,1,47,3,3,48,1,49,7,7,1,50,51,23,2,1,3,52,2,1,1,37,3,53,20,9,54,1,23,55,1,56,3,57,3,1,3,3,3,1,58,1,1,3,9,1,9,3,59,3,3,2,1,1,1,3,2,17,3,3,1
1,9,1,6,1,12,2,2,3,1,1,1,1,1,1,13,3,1,2,1,4,8,3,1,1,1,14,3,15,2,16,3,17,3,7,1,1,18,2,5,2,19,1,20,1,3,21,22,23,24,3,3,3,2,1,1,7,2,9,9,15,4,9,25,26,1,27,11,1,28,29,2,30,3,3,3,31,1,3,1,2,30,30,3,32,33,3,1,1,9,3,2,34,35,3,10,36,37,17,3,3,1,3,38,1,39,3,3,3,40,3,3,1,41,42,1,42,43,9,2,2,44,3,17,3,45,3,2,1,1,1,3,3,3,2,34,1,9,46,3,1,47,3,3,48,1,49,7,7,1,50,51,23,2,1,3,52,2,1,1,37,3,53,20,9,54,1,23,55,1,56,3,57,3,1,3,3,3,1,58,1,1,3,9,1,9,3,59,3,3,2,1,1,1,3,2,17,3,3,1
12,13,1,7,1,11,10,10,14,1,2,1,1,1,1,5,3,1,3,1,1,5,15,1,1,16,4,3,17,18,2,3,4,19,13,1,1,20,4,9,8,1,1,7,1,3,21,22,4,11,5,3,23,13,5,1,24,25,16,9,3,4,26,27,5,1,4,28,1,6,26,29,4,3,3,3,30,1,4,7,13,31,11,28,1,5,4,1,1,5,3,32,11,23,3,4,11,3,4,31,3,1,33,1,1,1,34,4,3,7,35,3,1,36,37,1,38,2,28,3,39,13,3,11,3,40,3,4,1,1,1,3,11,3,11,3,1,10,9,3,13,41,28,3,42,43,1,4,1,1,3,44,7,9,1,3,10,45,1,1,46,47,48,2,7,49,1,50,51,1,52,3,53,54,55,11,3,56,1,57,1,51,58,59,1,5,3,11,3,47,13,1,1,1,3,60,11,11,3,1
13,10,1,12,1,15,16,4,2,1,8,1,17,1,1,18,4,1,2,7,1,19,2,9,1,5,20,2,14,10,21,3,2,22,23,24,5,4,25,26,11,5,1,27,5,2,12,4,28,3,7,2,29,5,5,5,30,31,15,7,2,32,18,26,5,1,33,6,34,35,36,3,14,2,2,2,37,1,38,5,37,10,5,3,39,12,3,40,1,37,3,41,3,21,14,42,7,4,43,44,2,8,2,45,1,1,46,47,2,17,2,48,1,26,49,1,50,4,15,51,14,14,2,52,2,53,2,14,1,30,1,2,3,2,14,54,5,1,20,2,1,48,10,2,5,17,5,55,17,1,14,17,7,29,1,56,20,31,1,1,57,3,14,30,58,59,60,15,19,61,7,2,3,62,63,2,3,2,1,49,1,64,4,2,17,7,2,65,2,2,3,1,1,1,2,12,66,44,2,8
9,14,1,15,1,2,8,16,2,1,17,1,1,1,1,3,2,1,18,1,19,20,2,1,1,1,2,2,11,4,21,5,4,22,23,3,24,25,26,27,28,29,1,30,1,7,3,31,32,2,33,2,34,6,35,1,36,2,21,37,2,23,28,38,33,1,18,39,40,41,26,2,42,2,2,2,10,1,2,13,22,43,44,45,46,33,4,1,1,47,2,48,49,50,2,51,19,2,52,2,2,1,53,54,1,1,2,55,2,56,2,2,57,12,56,1,58,6,3,59,60,61,2,62,2,63,2,64,1,1,1,2,60,2,65,2,66,3,67,2,68,69,52,2,1,1,1,70,1,1,71,63,72,73,1,2,11,2,1,1,56,74,75,13,5,11,1,51,76,1,51,2,2,77,1,2,2,2,1,78,1,79,2,80,81,21,2,82,2,83,44,1,1,1,2,55,10,2,2,1
7,14,1,15,1,5,10,16,17,1,18,1,19,1,1,20,2,1,2,1,21,8,2,1,1,1,2,2,22,23,1,24,25,2,1,3,26,2,27,26,2,4,1,1,1,2,12,25,28,2,4,2,10,29,30,1,1,2,25,26,2,6,31,26,1,1,32,9,33,34,11,2,35,2,2,2,36,1,37,38,39,2,40,2,1,41,2,1,42,43,2,44,2,45,2,46,47,2,48,6,2,1,10,13,1,1,26,2,2,14,2,49,1,50,44,1,51,52,53,2,19,2,2,10,2,54,2,49,1,1,1,2,55,2,56,2,1,57,58,2,1,2,2,2,59,60,1,1,61,1,62,63,64,26,1,2,65,26,1,1,22,66,26,1,67,68,1,26,69,67,57,2,2,14,1,70,2,2,1,10,1,66,71,2,1,26,2,72,2,2,73,1,1,1,2,2,22,2,2,1
1,13,1,9,1,14,2,4,2,1,15,1,16,1,1,8,5,1,2,8,8,17,2,9,1,1,2,5,6,18,4,5,4,19,8,20,21,22,23,24,2,25,1,7,1,2,9,26,27,28,3,2,29,30,31,1,4,2,32,33,11,34,35,36,37,1,10,8,1,38,39,2,2,2,40,2,7,1,5,1,41,2,42,5,1,33,2,1,1,29,2,43,5,4,2,44,45,2,12,46,2,1,2,47,1,48,2,49,2,7,2,2,1,8,4,1,35,35,50,2,51,52,5,5,5,53,2,54,1,1,1,2,5,5,55,2,1,56,57,5,4,2,13,58,4,1,1,59,1,1,2,60,61,15,1,62,2,2,63,1,64,65,66,1,4,67,1,68,56,15,69,5,2,70,33,71,2,2,1,5,1,72,73,74,1,15,5,75,2,2,76,1,1,1,2,77,78,79,2,15
13,7,1,1,1,4,14,15,12,1,6,1,16,1,1,17,2,1,18,1,1,8,19,10,1,1,3,2,20,21,10,4,22,23,24,14,25,2,9,10,26,27,1,1,1,2,28,3,29,30,31,11,32,33,34,6,1,12,3,5,2,35,4,36,37,1,4,38,1,39,40,12,41,42,2,2,10,1,9,43,44,11,4,3,1,15,2,1,1,45,46,47,48,49,2,3,25,2,4,37,2,1,3,1,1,50,51,4,2,21,3,2,1,52,53,1,37,54,4,55,2,37,2,2,11,6,2,3,6,6,1,2,2,2,29,2,1,35,56,2,15,2,2,2,15,6,1,52,1,1,2,6,57,3,1,5,58,59,1,1,60,61,4,1,10,9,1,33,62,1,63,2,3,64,65,2,2,2,1,66,1,6,67,2,1,56,68,2,2,2,4,1,1,1,2,2,69,2,2,1
12,13,1,14,1,6,15,3,2,1,16,1,1,1,1,7,2,1,17,1,1,18,2,19,3,1,6,2,15,20,1,21,6,22,7,1,1,5,23,24,11,25,1,3,26,2,3,22,27,2,28,2,29,7,1,30,1,2,31,16,2,32,33,15,1,1,10,34,1,9,15,4,8,2,2,2,35,1,2,3,18,2,36,2,1,25,2,1,1,37,18,22,22,38,2,16,39,40,41,15,2,1,6,42,1,1,43,44,2,24,2,15,1,45,14,1,46,47,48,12,49,16,2,50,15,1,2,51,1,1,1,11,5,2,52,40,1,9,12,2,1,40,16,2,9,9,53,54,1,1,55,56,57,15,1,58,59,15,1,1,60,61,37,62,63,52,1,64,65,1,43,2,66,2,1,2,2,15,1,67,1,68,2,16,1,46,2,69,2,2,70,1,1,1,2,71,40,18,2,1
15,4,1,8,1,6,7,16,12,1,17,18,5,1,1,10,2,1,19,20,21,4,19,3,1,1,19,2,22,23,24,2,25,4,1,26,1,27,6,4,28,11,1,29,1,2,30,9,19,2,9,2,31,32,22,1,33,34,35,21,2,6,4,13,1,1,36,21,1,37,38,2,39,2,2,2,30,1,40,41,30,2,6,42,1,43,44,1,45,4,46,47,39,6,2,48,49,2,50,51,2,1,2,23,1,1,52,53,2,41,2,2,1,54,55,1,11,56,9,57,19,22,2,19,2,30,2,58,1,1,1,14,19,2,30,2,1,39,33,2,1,59,2,2,60,61,1,62,1,1,31,63,23,42,1,64,65,66,1,1,22,21,4,1,67,68,1,69,70,71,72,39,2,73,74,2,2,31,1,75,1,75,51,2,1,76,77,27,2,2,65,1,1,1,2,78,79,80,2,1
4,13,1,5,1,3,6,14,15,1,5,1,1,1,1,10,2,1,16,1,5,17,2,7,1,1,18,2,8,19,19,20,8,9,5,1,21,22,23,24,19,10,25,5,1,2,26,6,27,6,28,2,5,10,10,1,1,29,5,30,2,31,32,10,20,1,33,34,1,6,28,35,36,2,2,2,37,1,38,39,40,41,42,43,5,44,2,1,1,32,2,45,46,40,2,47,11,2,48,49,2,1,2,1,1,1,50,51,16,40,16,2,1,52,53,1,46,54,4,6,55,16,2,56,16,10,2,2,1,1,1,12,3,2,57,2,1,47,9,2,40,6,16,6,5,1,58,47,1,1,22,40,1,3,1,59,60,22,1,5,30,7,12,1,10,61,1,62,63,5,16,2,9,3,1,28,2,2,1,54,1,64,9,7,1,5,2,65,2,6,66,5,1,1,67,19,3,2,2,1
4,4,1,14,1,5,5,15,16,17,9,1,1,1,1,18,5,1,19,1,1,12,5,14,1,1,20,3,21,4,22,2,3,4,23,4,24,5,25,5,26,9,1,8,1,3,5,27,11,3,28,3,5,10,29,13,11,30,8,31,3,32,33,5,1,1,5,9,1,4,34,35,6,3,3,3,36,1,3,1,37,3,4,5,1,38,3,1,1,4,3,39,7,40,3,41,42,43,11,5,3,1,3,4,1,1,44,5,3,7,3,45,1,9,46,29,47,4,48,5,4,8,3,5,3,9,3,5,9,1,1,5,5,3,49,3,1,23,50,3,1,5,3,3,51,1,52,11,53,1,9,4,9,54,1,3,4,55,14,1,5,4,55,1,1,5,1,4,56,4,57,3,58,18,1,3,3,3,1,8,1,15,59,5,1,4,3,60,5,5,61,1,1,1,3,5,5,3,3,1
16,17,1,22,1,23,24,25,2,1,14,13,3,1,1,26,2,1,5,8,27,10,2,28,1,1,7,2,29,21,30,31,32,11,19,20,19,33,34,8,35,36,1,37,1,2,38,4,6,39,18,2,15,40,8,8,12,41,8,42,2,43,44,20,43,1,45,46,47,48,11,4,4,4,2,2,49,1,2,3,50,2,9,51,1,52,2,1,1,53,20,54,20,55,2,28,56,2,57,18,2,1,58,8,1,1,59,60,2,34,2,61,1,62,8,1,51,63,64,39,4,65,39,2,66,67,2,68,1,69,1,21,70,2,41,11,1,33,71,41,72,2,35,2,8,73,67,19,1,1,2,74,75,76,1,2,77,39,1,1,64,4,11,1,12,11,19,8,78,33,79,51,11,20,1,11,4,2,1,75,1,12,4,80,81,82,2,83,2,2,84,1,1,1,2,85,61,4,2,46
12,4,1,13,1,14,3,15,2,1,13,1,1,1,1,16,4,1,11,1,1,17,2,7,1,1,3,2,18,6,19,20,2,11,5,21,3,22,23,4,24,1,1,8,1,2,3,25,2,26,10,2,27,4,1,28,29,2,30,11,2,31,9,32,1,1,4,4,1,33,4,3,34,2,2,2,35,21,2,4,4,2,36,11,37,38,4,1,1,4,2,39,40,11,2,41,42,43,4,11,2,44,2,21,1,1,2,45,46,47,2,2,1,48,49,1,50,51,52,11,53,54,2,11,36,55,2,52,1,1,1,11,56,2,57,58,1,59,3,60,1,61,3,2,62,63,19,57,1,1,3,64,65,66,1,3,67,68,1,1,69,11,3,44,3,70,1,71,72,73,74,2,2,75,1,3,2,2,1,4,1,76,2,77,21,78,2,58,2,2,79,1,1,1,2,4,80,2,2,1
18,19,1,6,1,20,3,21,22,1,23,1,15,1,1,24,5,1,25,26,1,27,5,28,1,1,29,2,30,31,6,9,16,2,32,7,1,33,34,35,8,36,1,37,1,2,3,4,36,2,38,2,39,40,41,42,3,43,44,13,2,45,46,47,48,1,32,32,49,50,51,2,52,2,2,2,53,1,2,33,14,2,2,3,54,40,55,1,1,11,2,10,56,12,2,16,6,2,57,32,2,1,2,1,1,1,58,59,2,60,2,61,1,52,62,1,57,63,64,25,5,5,2,19,2,1,2,65,1,1,1,17,66,5,67,2,1,68,20,2,42,2,69,2,70,71,72,73,1,74,2,75,36,76,1,3,37,77,1,1,6,25,39,18,52,19,1,76,78,79,80,2,2,81,1,82,2,2,1,5,1,83,84,85,6,74,2,86,2,2,2,1,1,1,2,87,2,2,2,1
5,6,1,15,1,16,3,14,17,1,18,1,19,1,1,20,2,1,8,10,9,21,2,22,1,1,23,2,24,7,25,8,8,26,6,5,27,28,29,6,13,1,1,30,6,2,31,24,32,33,34,2,3,35,36,37,1,8,38,12,2,17,39,40,11,1,41,42,37,6,43,44,45,2,2,2,46,1,47,48,49,50,3,3,51,52,26,53,1,1,4,54,55,56,2,13,5,2,3,57,2,1,8,1,1,1,3,58,2,59,58,2,1,60,61,1,59,59,3,2,3,58,62,40,8,63,2,64,1,1,1,2,24,2,65,2,1,66,3,2,5,67,28,2,31,68,6,69,1,1,2,70,71,59,1,2,37,5,5,1,72,73,66,1,74,75,76,77,78,6,79,2,66,58,1,54,3,24,1,58,1,6,40,3,59,6,2,80,2,81,24,1,1,1,2,66,12,28,2,37
9,4,1,15,1,6,16,13,7,1,8,1,1,1,1,17,2,1,2,1,18,8,19,5,1,1,7,2,10,20,5,2,2,2,9,9,21,3,22,23,24,25,1,26,1,2,12,9,27,2,4,2,11,28,1,8,29,30,31,32,2,5,33,34,35,1,3,9,36,13,37,38,39,2,2,2,40,1,2,41,42,7,7,13,1,8,2,1,1,19,2,5,13,43,2,44,5,2,45,2,2,1,2,24,1,1,6,46,2,47,2,2,1,14,9,48,8,14,49,2,3,50,2,5,39,51,2,7,1,1,1,2,2,50,52,53,1,9,28,2,1,54,55,2,47,1,1,56,57,1,2,5,9,58,1,2,59,19,1,1,60,61,62,1,57,8,63,5,3,1,64,2,8,65,1,2,2,2,1,7,1,66,38,67,1,68,7,69,2,2,70,1,1,1,2,16,28,2,2,1
10,5,2,11,2,3,12,4,13,2,1,6,2,2,2,14,15,2,3,16,1,17,3,2,2,2,18,3,19,9,20,3,3,21,2,4,1,8,22,23,3,6,2,24,1,3,25,4,26,3,27,3,28,10,1,2,29,4,30,31,3,4,32,33,10,6,4,34,1,35,36,3,37,3,3,3,38,2,39,9,4,40,9,41,42,4,3,2,2,43,3,5,22,7,3,44,45,3,34,46,3,2,47,10,2,2,3,4,3,22,3,3,9,48,4,2,4,49,1,50,3,51,3,3,52,53,3,54,2,1,2,3,55,3,5,3,2,4,56,3,57,44,58,3,59,9,2,60,1,2,15,1,4,61,2,62,5,18,2,2,32,22,63,2,64,22,65,4,66,2,67,3,3,43,68,3,3,3,2,69,2,2,58,3,2,70,15,22,3,3,22,2,2,2,3,71,3,3,3,2
8,9,1,10,1,3,7,2,3,1,1,1,11,1,1,4,3,1,10,1,12,4,5,13,1,1,6,3,14,15,2,3,5,16,17,17,18,19,20,10,21,22,1,13,1,3,8,23,3,24,20,5,25,4,26,1,1,27,28,2,5,2,18,29,1,1,30,10,1,6,31,3,20,32,5,5,33,1,34,35,20,36,10,6,37,38,5,1,1,20,5,39,6,6,5,2,20,3,6,3,3,1,40,20,1,1,41,6,3,18,42,5,1,6,43,1,31,1,44,5,3,14,5,45,6,18,5,41,1,18,1,5,3,5,6,46,1,20,20,5,1,47,6,48,49,1,50,51,1,1,6,52,53,20,1,2,4,27,1,1,54,6,6,55,52,6,1,10,2,1,51,5,6,5,1,6,5,5,1,26,1,56,19,6,1,39,5,57,3,58,59,1,1,1,5,20,60,5,5,61
15,12,1,16,1,6,8,7,9,1,4,1,17,1,1,18,9,1,5,1,1,2,3,11,1,1,9,19,7,11,20,10,7,3,1,1,1,6,21,6,5,22,1,1,1,5,23,24,25,3,26,5,27,7,13,1,28,29,4,4,5,30,31,6,32,1,33,34,1,14,35,3,3,3,5,5,36,1,6,1,37,3,38,34,1,39,40,1,1,41,5,30,42,43,5,44,45,6,46,6,3,1,5,1,1,1,3,6,3,2,3,5,1,47,48,1,13,49,50,6,51,52,3,3,3,13,3,7,1,1,1,5,3,5,53,3,1,54,6,5,55,3,13,3,56,1,57,58,1,1,3,11,47,59,1,3,5,3,13,1,30,34,60,1,30,23,61,13,8,62,30,3,5,63,1,5,3,3,1,63,1,1,5,64,65,66,19,1,6,3,30,1,1,1,5,67,68,19,5,1
1,4,1,6,1,2,13,14,2,1,7,1,15,1,11,4,2,1,2,1,4,16,2,8,17,1,2,2,9,18,8,19,20,5,21,22,23,24,9,25,6,4,1,26,1,2,4,27,21,2,8,2,28,29,30,31,32,2,30,33,2,12,34,5,1,1,5,35,36,5,37,38,20,2,2,2,39,1,3,40,41,9,2,42,6,43,2,1,1,44,5,10,5,21,2,45,46,20,42,2,2,47,21,20,1,48,2,49,2,27,2,2,1,50,51,1,52,6,4,5,5,53,2,54,55,15,2,2,56,1,1,2,42,2,5,2,57,6,58,2,1,59,5,2,60,6,61,62,4,1,13,6,43,13,1,21,30,20,6,1,63,5,4,1,4,64,1,56,65,21,66,2,2,67,1,13,2,2,1,68,1,69,14,5,1,6,2,70,2,2,21,1,1,1,2,10,38,42,2,71
3,11,1,13,1,5,6,10,14,1,15,16,1,1,1,3,2,1,12,3,1,11,2,17,1,1,18,2,19,5,1,20,2,12,21,1,1,22,11,23,7,24,1,25,1,2,11,26,11,2,8,2,12,27,1,1,1,2,7,28,2,9,4,29,1,1,30,31,1,32,12,2,11,2,2,2,33,1,2,34,20,12,20,11,1,32,2,1,1,12,2,11,11,35,2,3,36,2,32,12,2,1,2,32,1,1,37,38,2,39,40,2,1,41,42,1,43,44,45,46,12,11,2,11,12,7,2,47,1,1,1,2,2,2,48,2,1,49,20,2,1,11,2,2,3,50,3,51,32,1,20,3,12,52,1,2,20,5,1,1,32,53,54,1,55,56,1,29,20,1,57,2,40,58,1,2,2,2,1,59,1,60,61,2,1,62,2,12,2,2,63,1,1,1,2,12,12,2,2,1
3,11,1,13,1,5,6,10,14,1,15,16,1,1,1,3,2,1,12,3,1,11,2,17,1,1,18,2,19,5,1,20,2,12,21,1,1,22,11,23,7,24,1,25,1,2,11,26,11,2,8,2,12,27,1,1,1,2,7,28,2,9,4,29,1,1,30,31,1,32,12,2,11,2,2,2,33,1,2,34,20,12,20,11,1,32,2,1,1,12,2,11,11,35,2,3,36,2,32,12,2,1,2,32,1,1,37,38,2,39,40,2,1,41,42,1,43,44,45,46,12,11,2,11,12,7,2,47,1,1,1,2,2,2,48,2,1,49,20,2,1,11,2,2,3,50,3,51,32,1,20,3,12,52,1,2,20,5,1,1,32,53,54,1,55,56,1,29,20,1,57,2,40,58,1,2,2,2,1,59,1,60,61,2,1,62,2,12,2,2,63,1,1,1,2,12,12,2,2,1
14,15,1,3,1,16,2,5,2,1,17,1,18,1,1,11,2,1,6,1,1,12,2,1,1,1,2,6,7,6,4,2,19,16,20,21,1,22,2,23,24,25,1,1,1,2,9,26,6,27,28,2,8,11,11,18,1,29,30,31,2,32,33,34,11,1,35,36,3,37,3,2,27,2,2,2,38,1,27,35,39,2,40,2,1,1,2,1,1,41,42,10,43,41,2,44,20,2,20,7,2,1,27,45,1,1,46,47,2,48,2,2,1,49,50,1,3,20,51,27,2,16,52,2,39,1,2,2,1,1,1,13,2,2,11,2,1,1,53,2,1,27,54,2,6,1,14,14,14,1,55,56,27,2,1,57,58,27,1,1,6,59,60,1,61,62,1,4,63,1,4,2,64,65,1,7,2,2,1,66,1,6,2,2,1,67,2,2,2,2,68,1,1,1,2,27,6,2,2,1
13,14,1,3,1,15,16,4,17,1,18,1,1,1,1,5,2,1,2,1,1,9,2,19,1,1,20,2,21,22,23,2,3,2,19,3,19,24,25,26,27,28,1,4,1,2,8,3,4,2,9,2,12,29,6,30,31,2,32,33,2,18,3,34,35,1,2,36,30,9,37,2,38,2,2,2,7,1,4,39,10,2,40,17,1,3,2,1,1,4,2,41,42,43,2,24,44,45,8,4,2,1,2,1,1,1,46,10,2,10,47,2,1,3,3,1,48,11,49,50,51,52,2,53,2,3,2,3,1,1,1,12,2,2,44,2,1,54,12,2,1,2,2,2,55,56,19,57,3,1,2,58,3,59,1,2,60,15,1,1,4,61,4,1,30,62,1,63,64,33,65,2,2,66,1,67,2,2,1,67,1,19,68,69,1,18,2,9,2,2,3,1,1,1,2,70,4,2,2,1
13,14,1,3,1,15,16,4,17,1,18,1,1,1,1,5,2,1,2,1,1,9,2,19,1,1,20,2,21,22,23,2,3,2,19,3,19,24,25,26,27,28,1,4,1,2,8,3,4,2,9,2,12,29,6,30,31,2,32,33,2,18,3,34,35,1,2,36,30,9,37,2,38,2,2,2,7,1,4,39,10,2,40,17,1,3,2,1,1,4,2,41,42,43,2,24,44,45,8,4,2,1,2,1,1,1,46,10,2,10,47,2,1,3,3,1,48,11,49,50,51,52,2,53,2,3,2,3,1,1,1,12,2,2,44,2,1,54,12,2,1,2,2,2,55,56,19,57,3,1,2,58,3,59,1,2,60,15,1,1,4,61,4,1,30,62,1,63,64,33,65,2,2,66,1,67,2,2,1,67,1,19,68,69,1,18,2,9,2,2,3,1,1,1,2,70,4,2,2,1
1,10,1,7,1,11,2,12,2,1,3,1,3,1,1,3,2,1,13,1,8,4,2,3,1,1,14,2,5,15,1,16,17,18,19,1,1,20,6,21,22,23,1,24,1,2,25,26,2,2,27,2,2,8,1,28,29,30,8,3,2,31,3,4,32,1,31,33,34,35,4,2,36,2,2,2,37,1,5,3,3,2,4,31,38,39,2,1,1,8,2,3,40,41,2,42,43,44,45,2,2,1,10,1,1,1,2,2,2,3,2,2,1,3,3,1,3,46,3,2,47,48,2,2,49,50,2,51,1,1,1,9,3,2,3,4,1,52,3,2,1,2,2,2,3,53,54,8,1,1,2,3,8,55,1,2,56,2,57,1,3,4,58,8,59,60,1,61,3,62,3,2,63,64,1,2,2,2,1,31,1,65,66,21,1,67,2,2,2,2,62,1,1,1,2,68,52,2,2,1
11,6,1,3,1,7,12,4,13,1,14,15,1,1,1,16,2,1,2,1,1,5,2,17,1,1,6,2,18,7,6,13,19,20,1,1,21,9,22,21,7,10,1,23,1,2,3,24,25,2,3,2,26,3,3,3,1,8,3,27,2,28,8,12,29,1,30,31,32,33,6,2,34,2,2,2,24,35,2,36,6,2,6,37,1,38,39,1,1,8,2,38,7,40,2,3,41,2,41,42,2,1,2,43,1,1,2,44,2,45,2,2,1,21,3,1,41,46,47,7,48,49,2,50,51,1,2,50,1,1,1,2,52,2,53,7,1,54,55,56,11,2,57,2,4,58,59,3,60,1,19,41,16,50,1,61,2,62,1,1,50,2,2,1,3,41,1,3,63,64,65,2,66,67,1,68,2,2,1,69,1,70,53,13,71,72,2,73,2,7,29,1,1,1,2,21,13,2,2,32
4,4,1,8,1,2,3,11,12,1,1,1,1,1,1,13,2,1,3,14,1,15,2,16,1,1,17,2,18,19,1,2,2,9,1,20,21,22,4,4,4,1,1,16,1,2,10,5,23,2,4,2,6,24,1,1,11,25,4,26,2,8,4,4,1,27,4,16,1,3,4,5,9,2,2,2,7,1,2,4,4,6,5,25,1,4,28,1,1,4,2,29,2,30,2,31,32,2,33,10,2,1,34,1,1,1,2,35,2,36,2,2,1,37,11,1,4,38,39,4,40,4,2,41,4,42,2,5,1,1,1,2,2,43,31,25,1,44,4,2,1,2,23,2,45,20,1,4,1,1,25,46,24,4,1,2,47,25,1,1,4,48,4,1,4,4,10,8,4,1,23,2,2,2,49,2,2,2,1,2,1,1,50,8,1,51,2,52,2,2,53,1,1,1,2,54,3,2,2,1
10,1,1,3,1,5,8,11,2,1,1,1,1,1,1,3,2,1,3,1,1,12,2,13,1,1,2,2,14,15,4,16,17,2,18,19,1,2,6,20,2,21,1,1,1,2,22,3,3,2,23,2,24,3,24,1,1,25,26,24,2,3,7,22,24,1,3,27,1,28,29,2,30,2,2,2,24,1,2,1,9,2,31,3,1,24,2,1,1,3,2,3,3,32,2,33,24,2,34,2,2,1,2,12,1,1,2,2,2,32,2,3,1,17,3,1,35,24,3,3,36,3,2,2,37,1,2,38,1,1,1,2,2,2,39,2,1,40,24,2,1,38,41,42,43,1,1,24,1,1,44,3,24,2,1,2,3,2,1,45,3,24,10,1,3,3,1,24,24,1,24,2,46,3,1,2,2,2,1,24,1,1,2,2,1,24,2,24,2,47,24,1,1,1,2,48,2,2,2,1
1,8,1,9,1,2,10,11,6,1,5,1,1,1,1,12,2,1,13,5,1,4,2,14,1,1,2,2,2,6,15,2,2,2,16,17,1,2,18,19,3,8,20,5,1,2,21,4,4,2,4,2,4,1,1,1,1,2,5,22,2,4,17,4,1,1,23,4,1,19,24,2,2,2,2,2,17,1,6,1,25,13,26,2,1,26,2,1,1,27,2,4,28,10,2,24,6,2,29,2,2,1,2,30,1,1,2,2,2,5,2,2,1,3,7,1,31,5,1,2,4,18,2,2,2,32,2,2,33,1,1,2,2,2,2,34,1,8,35,2,1,36,2,2,37,19,19,38,1,1,2,39,17,40,1,2,4,36,1,1,2,10,41,1,42,43,1,6,3,1,3,13,6,2,1,44,2,2,1,10,1,45,2,2,16,43,46,2,2,2,47,1,1,1,2,48,2,4,2,1
10,11,1,6,1,3,6,3,6,1,12,1,5,1,1,4,2,1,13,1,1,7,6,5,1,1,2,2,4,4,12,14,2,6,12,15,1,4,7,16,6,4,1,8,1,2,17,5,2,2,6,2,18,4,1,1,1,6,19,7,2,6,3,7,20,1,8,10,1,9,6,2,6,2,2,2,5,1,4,21,22,23,6,24,1,12,6,1,1,4,2,6,25,4,2,8,26,2,27,2,2,1,2,1,1,1,2,28,2,29,2,2,1,12,1,1,3,30,6,31,2,32,2,2,2,33,2,2,1,1,1,2,2,2,34,6,1,6,14,2,1,35,36,2,4,1,1,37,1,1,2,4,4,22,1,35,6,4,1,1,35,35,38,1,39,29,1,40,3,1,8,2,2,41,1,4,6,2,1,42,1,21,6,8,12,4,2,6,2,2,23,1,1,1,2,43,2,2,2,1
10,11,1,6,1,3,6,3,6,1,12,1,5,1,1,4,2,1,13,1,1,7,6,5,1,1,2,2,4,4,12,14,2,6,12,15,1,4,7,16,6,4,1,8,1,2,17,5,2,2,6,2,18,4,1,1,1,6,19,7,2,6,3,7,20,1,8,10,1,9,6,2,6,2,2,2,5,1,4,21,22,23,6,24,1,12,6,1,1,4,2,6,25,4,2,8,26,2,27,2,2,1,2,1,1,1,2,28,2,29,2,2,1,12,1,1,3,30,6,31,2,32,2,2,2,33,2,2,1,1,1,2,2,2,34,6,1,6,14,2,1,35,36,2,4,1,1,37,1,1,2,4,4,22,1,35,6,4,1,1,35,35,38,1,39,29,1,40,3,1,8,2,2,41,1,4,6,2,1,42,1,21,6,8,12,4,2,6,2,2,23,1,1,1,2,43,2,2,2,1
14,15,1,16,1,13,5,17,18,1,19,3,3,1,3,6,2,1,4,1,3,20,2,21,1,1,12,2,3,22,3,23,2,4,3,11,19,24,5,7,4,10,1,21,1,2,12,5,12,5,21,2,6,3,9,3,1,2,25,7,2,5,12,26,27,1,4,28,3,29,4,4,2,2,30,2,31,1,4,15,8,5,4,5,1,32,2,1,1,7,5,16,5,4,2,33,12,34,5,35,2,1,2,1,1,1,36,5,2,4,2,2,1,37,3,1,38,3,39,40,2,41,2,42,4,15,2,7,1,15,1,2,7,2,43,2,1,3,12,2,1,12,4,2,21,15,44,19,45,1,2,3,3,12,1,5,5,4,1,3,7,4,5,3,8,3,46,12,45,47,15,2,48,49,1,50,2,51,1,2,1,1,52,35,1,3,18,23,2,2,7,1,1,1,2,5,8,2,2,1
7,10,1,11,1,4,4,12,4,1,13,1,8,1,1,14,2,1,4,1,6,15,16,17,1,1,5,2,4,18,19,4,20,21,3,1,1,22,3,4,4,11,11,13,1,2,23,7,24,2,25,2,26,27,1,1,1,28,3,3,2,4,10,10,29,1,4,30,1,3,9,31,32,2,2,2,33,1,34,35,36,27,37,4,8,38,2,1,1,21,2,4,3,39,2,30,40,2,41,4,2,8,2,1,1,1,4,42,2,3,2,4,1,43,44,1,45,46,11,4,47,3,2,10,48,49,2,4,1,1,1,2,45,31,50,4,1,51,28,2,6,10,4,2,1,3,1,52,3,1,4,53,11,10,1,2,54,27,55,1,56,27,57,1,58,51,1,27,21,1,59,60,61,4,62,4,31,2,1,1,1,1,63,2,1,64,2,65,2,2,42,1,1,1,2,3,4,2,2,1
7,15,1,16,1,8,15,17,2,1,3,1,18,1,1,1,2,1,6,19,10,6,2,1,1,1,20,2,21,2,11,2,22,23,24,25,1,2,26,12,27,1,1,1,1,2,5,28,28,2,29,2,30,31,9,1,1,32,13,7,2,33,34,31,12,1,35,36,1,9,28,6,4,2,2,2,37,1,38,39,40,28,14,26,1,41,2,1,1,42,43,44,45,46,2,12,3,47,48,2,2,1,2,1,1,49,8,50,6,51,2,2,1,11,1,1,11,52,28,8,15,53,2,2,54,55,2,2,1,1,1,14,56,2,2,2,1,57,14,2,1,2,2,6,1,58,12,59,1,1,15,11,60,61,1,2,62,63,1,1,64,28,6,1,65,66,1,67,68,1,69,2,2,70,1,2,2,2,1,71,1,1,72,73,1,74,2,2,2,75,18,76,1,1,2,77,78,2,2,1
