MassParameter_1,MassParameter_2,MassParameter_3,MassParameter_4,Phi_12,Phi_13,Phi_14,Phi_23,Phi_24,Phi_34,Dataset1_c2,Dataset1_c2,Dataset1_c3,Dataset1_c2,Dataset1_c2,Dataset1_c4,Dataset1_c2,Dataset1_c3,Dataset1_c2,Dataset1_c2,Dataset1_c3,Dataset1_c3,Dataset1_c3,Dataset1_c3,Dataset1_c3,Dataset1_c2,Dataset1_c5,Dataset1_c5,Dataset1_c2,Dataset1_c3,Dataset1_c4,Dataset1_c3,Dataset1_c3,Dataset1_c5,Dataset1_c3,Dataset1_c2,Dataset1_c3,Dataset1_c5,Dataset1_c3,Dataset1_c3,Dataset1_c3,Dataset1_c2,Dataset1_c4,Dataset1_c2,Dataset1_c3,Dataset1_c2,Dataset1_c5,Dataset1_c4,Dataset1_c3,Dataset1_c4,Dataset1_c4,Dataset1_c5,Dataset1_c4,Dataset1_c4,Dataset1_c3,Dataset1_c3,Dataset1_c5,Dataset1_c2,Dataset1_c2,Dataset1_c2,Dataset1_c5,Dataset1_c3,Dataset1_c4,Dataset1_c5,Dataset1_c2,Dataset1_c4,Dataset1_c5,Dataset1_c2,Dataset1_c5,Dataset1_c4,Dataset1_c2,Dataset1_c3,Dataset1_c2,Dataset1_c3,Dataset1_c5,Dataset1_c5,Dataset1_c5,Dataset1_c2,Dataset1_c2,Dataset1_c4,Dataset1_c2,Dataset1_c3,Dataset1_c3,Dataset1_c3,Dataset1_c4,Dataset1_c2,Dataset1_c5,Dataset1_c4,Dataset1_c2,Dataset1_c4,Dataset1_c5,Dataset1_c3,Dataset1_c4,Dataset1_c4,Dataset1_c3,Dataset1_c3,Dataset1_c3,Dataset1_c3,Dataset1_c4,Dataset1_c3,Dataset1_c2,Dataset1_c2,Dataset1_c3,Dataset1_c5,Dataset1_c5,Dataset1_c5,Dataset1_c2,Dataset1_c3,Dataset1_c2,Dataset1_c2,Dataset1_c3,Dataset1_c2,Dataset1_c5,Dataset1_c3,Dataset1_c2,Dataset1_c3,Dataset1_c4,Dataset1_c4,Dataset1_c5,Dataset1_c3,Dataset1_c2,Dataset1_c3,Dataset1_c2,Dataset1_c5,Dataset1_c5,Dataset1_c2,Dataset1_c3,Dataset1_c3,Dataset1_c3,Dataset1_c2,Dataset1_c5,Dataset1_c5,Dataset1_c4,Dataset1_c3,Dataset1_c5,Dataset1_c3,Dataset1_c2,Dataset1_c3,Dataset1_c3,Dataset1_c5,Dataset1_c5,Dataset1_c4,Dataset1_c5,Dataset1_c5,Dataset1_c5,Dataset1_c5,Dataset1_c3,Dataset1_c5,Dataset1_c3,Dataset1_c4,Dataset1_c3,Dataset1_c2,Dataset1_c3,Dataset1_c2,Dataset1_c2,Dataset1_c5,Dataset1_c2,Dataset1_c3,Dataset1_c5,Dataset1_c4,Dataset1_c5,Dataset1_c2,Dataset1_c3,Dataset1_c3,Dataset1_c5,Dataset1_c4,Dataset1_c2,Dataset1_c5,Dataset1_c3,Dataset1_c2,Dataset1_c2,Dataset1_c3,Dataset1_c3,Dataset1_c3,Dataset1_c2,Dataset1_c3,Dataset1_c3,Dataset1_c5,Dataset1_c5,Dataset1_c3,Dataset1_c2,Dataset1_c3,Dataset1_c2,Dataset2_c2,Dataset2_c2,Dataset2_c3,Dataset2_c2,Dataset2_c2,Dataset2_c4,Dataset2_c2,Dataset2_c3,Dataset2_c2,Dataset2_c2,Dataset2_c3,Dataset2_c3,Dataset2_c3,Dataset2_c3,Dataset2_c3,Dataset2_c2,Dataset2_c5,Dataset2_c5,Dataset2_c2,Dataset2_c3,Dataset2_c4,Dataset2_c3,Dataset2_c3,Dataset2_c5,Dataset2_c3,Dataset2_c2,Dataset2_c3,Dataset2_c5,Dataset2_c3,Dataset2_c3,Dataset2_c3,Dataset2_c2,Dataset2_c4,Dataset2_c2,Dataset2_c3,Dataset2_c2,Dataset2_c5,Dataset2_c4,Dataset2_c3,Dataset2_c4,Dataset2_c4,Dataset2_c5,Dataset2_c4,Dataset2_c4,Dataset2_c3,Dataset2_c3,Dataset2_c5,Dataset2_c2,Dataset2_c2,Dataset2_c2,Dataset2_c5,Dataset2_c3,Dataset2_c4,Dataset2_c5,Dataset2_c2,Dataset2_c4,Dataset2_c5,Dataset2_c2,Dataset2_c5,Dataset2_c4,Dataset2_c2,Dataset2_c3,Dataset2_c2,Dataset2_c3,Dataset2_c5,Dataset2_c5,Dataset2_c5,Dataset2_c2,Dataset2_c2,Dataset2_c4,Dataset2_c2,Dataset2_c3,Dataset2_c3,Dataset2_c3,Dataset2_c4,Dataset2_c2,Dataset2_c5,Dataset2_c4,Dataset2_c2,Dataset2_c4,Dataset2_c5,Dataset2_c3,Dataset2_c4,Dataset2_c4,Dataset2_c3,Dataset2_c3,Dataset2_c3,Dataset2_c3,Dataset2_c4,Dataset2_c3,Dataset2_c2,Dataset2_c2,Dataset2_c3,Dataset2_c5,Dataset2_c5,Dataset2_c5,Dataset2_c2,Dataset2_c3,Dataset2_c2,Dataset2_c2,Dataset2_c3,Dataset2_c2,Dataset2_c5,Dataset2_c3,Dataset2_c2,Dataset2_c3,Dataset2_c4,Dataset2_c4,Dataset2_c5,Dataset2_c3,Dataset2_c2,Dataset2_c3,Dataset2_c2,Dataset2_c5,Dataset2_c5,Dataset2_c2,Dataset2_c3,Dataset2_c3,Dataset2_c3,Dataset2_c2,Dataset2_c5,Dataset2_c5,Dataset2_c4,Dataset2_c3,Dataset2_c5,Dataset2_c3,Dataset2_c2,Dataset2_c3,Dataset2_c3,Dataset2_c5,Dataset2_c5,Dataset2_c4,Dataset2_c5,Dataset2_c5,Dataset2_c5,Dataset2_c5,Dataset2_c3,Dataset2_c5,Dataset2_c3,Dataset2_c4,Dataset2_c3,Dataset2_c2,Dataset2_c3,Dataset2_c2,Dataset2_c2,Dataset2_c5,Dataset2_c2,Dataset2_c3,Dataset2_c5,Dataset2_c4,Dataset2_c5,Dataset2_c2,Dataset2_c3,Dataset2_c3,Dataset2_c5,Dataset2_c4,Dataset2_c2,Dataset2_c5,Dataset2_c3,Dataset2_c2,Dataset2_c2,Dataset2_c3,Dataset2_c3,Dataset2_c3,Dataset2_c2,Dataset2_c3,Dataset2_c3,Dataset2_c5,Dataset2_c5,Dataset2_c3,Dataset2_c2,Dataset2_c3,Dataset2_c2,Dataset3_c2,Dataset3_c2,Dataset3_c3,Dataset3_c2,Dataset3_c2,Dataset3_c4,Dataset3_c2,Dataset3_c3,Dataset3_c2,Dataset3_c2,Dataset3_c3,Dataset3_c3,Dataset3_c3,Dataset3_c3,Dataset3_c3,Dataset3_c2,Dataset3_c5,Dataset3_c5,Dataset3_c2,Dataset3_c3,Dataset3_c4,Dataset3_c3,Dataset3_c3,Dataset3_c5,Dataset3_c3,Dataset3_c2,Dataset3_c3,Dataset3_c5,Dataset3_c3,Dataset3_c3,Dataset3_c3,Dataset3_c2,Dataset3_c4,Dataset3_c2,Dataset3_c3,Dataset3_c2,Dataset3_c5,Dataset3_c4,Dataset3_c3,Dataset3_c4,Dataset3_c4,Dataset3_c5,Dataset3_c4,Dataset3_c4,Dataset3_c3,Dataset3_c3,Dataset3_c5,Dataset3_c2,Dataset3_c2,Dataset3_c2,Dataset3_c5,Dataset3_c3,Dataset3_c4,Dataset3_c5,Dataset3_c2,Dataset3_c4,Dataset3_c5,Dataset3_c2,Dataset3_c5,Dataset3_c4,Dataset3_c2,Dataset3_c3,Dataset3_c2,Dataset3_c3,Dataset3_c5,Dataset3_c5,Dataset3_c5,Dataset3_c2,Dataset3_c2,Dataset3_c4,Dataset3_c2,Dataset3_c3,Dataset3_c3,Dataset3_c3,Dataset3_c4,Dataset3_c2,Dataset3_c5,Dataset3_c4,Dataset3_c2,Dataset3_c4,Dataset3_c5,Dataset3_c3,Dataset3_c4,Dataset3_c4,Dataset3_c3,Dataset3_c3,Dataset3_c3,Dataset3_c3,Dataset3_c4,Dataset3_c3,Dataset3_c2,Dataset3_c2,Dataset3_c3,Dataset3_c5,Dataset3_c5,Dataset3_c5,Dataset3_c2,Dataset3_c3,Dataset3_c2,Dataset3_c2,Dataset3_c3,Dataset3_c2,Dataset3_c5,Dataset3_c3,Dataset3_c2,Dataset3_c3,Dataset3_c4,Dataset3_c4,Dataset3_c5,Dataset3_c3,Dataset3_c2,Dataset3_c3,Dataset3_c2,Dataset3_c5,Dataset3_c5,Dataset3_c2,Dataset3_c3,Dataset3_c3,Dataset3_c3,Dataset3_c2,Dataset3_c5,Dataset3_c5,Dataset3_c4,Dataset3_c3,Dataset3_c5,Dataset3_c3,Dataset3_c2,Dataset3_c3,Dataset3_c3,Dataset3_c5,Dataset3_c5,Dataset3_c4,Dataset3_c5,Dataset3_c5,Dataset3_c5,Dataset3_c5,Dataset3_c3,Dataset3_c5,Dataset3_c3,Dataset3_c4,Dataset3_c3,Dataset3_c2,Dataset3_c3,Dataset3_c2,Dataset3_c2,Dataset3_c5,Dataset3_c2,Dataset3_c3,Dataset3_c5,Dataset3_c4,Dataset3_c5,Dataset3_c2,Dataset3_c3,Dataset3_c3,Dataset3_c5,Dataset3_c4,Dataset3_c2,Dataset3_c5,Dataset3_c3,Dataset3_c2,Dataset3_c2,Dataset3_c3,Dataset3_c3,Dataset3_c3,Dataset3_c2,Dataset3_c3,Dataset3_c3,Dataset3_c5,Dataset3_c5,Dataset3_c3,Dataset3_c2,Dataset3_c3,Dataset3_c2,Dataset4_c2,Dataset4_c2,Dataset4_c3,Dataset4_c2,Dataset4_c2,Dataset4_c4,Dataset4_c2,Dataset4_c3,Dataset4_c2,Dataset4_c2,Dataset4_c3,Dataset4_c3,Dataset4_c3,Dataset4_c3,Dataset4_c3,Dataset4_c2,Dataset4_c5,Dataset4_c5,Dataset4_c2,Dataset4_c3,Dataset4_c4,Dataset4_c3,Dataset4_c3,Dataset4_c5,Dataset4_c3,Dataset4_c2,Dataset4_c3,Dataset4_c5,Dataset4_c3,Dataset4_c3,Dataset4_c3,Dataset4_c2,Dataset4_c4,Dataset4_c2,Dataset4_c3,Dataset4_c2,Dataset4_c5,Dataset4_c4,Dataset4_c3,Dataset4_c4,Dataset4_c4,Dataset4_c5,Dataset4_c4,Dataset4_c4,Dataset4_c3,Dataset4_c3,Dataset4_c5,Dataset4_c2,Dataset4_c2,Dataset4_c2,Dataset4_c5,Dataset4_c3,Dataset4_c4,Dataset4_c5,Dataset4_c2,Dataset4_c4,Dataset4_c5,Dataset4_c2,Dataset4_c5,Dataset4_c4,Dataset4_c2,Dataset4_c3,Dataset4_c2,Dataset4_c3,Dataset4_c5,Dataset4_c5,Dataset4_c5,Dataset4_c2,Dataset4_c2,Dataset4_c4,Dataset4_c2,Dataset4_c3,Dataset4_c3,Dataset4_c3,Dataset4_c4,Dataset4_c2,Dataset4_c5,Dataset4_c4,Dataset4_c2,Dataset4_c4,Dataset4_c5,Dataset4_c3,Dataset4_c4,Dataset4_c4,Dataset4_c3,Dataset4_c3,Dataset4_c3,Dataset4_c3,Dataset4_c4,Dataset4_c3,Dataset4_c2,Dataset4_c2,Dataset4_c3,Dataset4_c5,Dataset4_c5,Dataset4_c5,Dataset4_c2,Dataset4_c3,Dataset4_c2,Dataset4_c2,Dataset4_c3,Dataset4_c2,Dataset4_c5,Dataset4_c3,Dataset4_c2,Dataset4_c3,Dataset4_c4,Dataset4_c4,Dataset4_c5,Dataset4_c3,Dataset4_c2,Dataset4_c3,Dataset4_c2,Dataset4_c5,Dataset4_c5,Dataset4_c2,Dataset4_c3,Dataset4_c3,Dataset4_c3,Dataset4_c2,Dataset4_c5,Dataset4_c5,Dataset4_c4,Dataset4_c3,Dataset4_c5,Dataset4_c3,Dataset4_c2,Dataset4_c3,Dataset4_c3,Dataset4_c5,Dataset4_c5,Dataset4_c4,Dataset4_c5,Dataset4_c5,Dataset4_c5,Dataset4_c5,Dataset4_c3,Dataset4_c5,Dataset4_c3,Dataset4_c4,Dataset4_c3,Dataset4_c2,Dataset4_c3,Dataset4_c2,Dataset4_c2,Dataset4_c5,Dataset4_c2,Dataset4_c3,Dataset4_c5,Dataset4_c4,Dataset4_c5,Dataset4_c2,Dataset4_c3,Dataset4_c3,Dataset4_c5,Dataset4_c4,Dataset4_c2,Dataset4_c5,Dataset4_c3,Dataset4_c2,Dataset4_c2,Dataset4_c3,Dataset4_c3,Dataset4_c3,Dataset4_c2,Dataset4_c3,Dataset4_c3,Dataset4_c5,Dataset4_c5,Dataset4_c3,Dataset4_c2,Dataset4_c3,Dataset4_c2
2,2,2,2,2.4907,4.3423,6.6277,3.7971,2.1488,5.4441,2,1,5,1,2,6,6,6,1,4,1,1,2,5,1,1,1,4,1,6,6,5,2,3,2,6,2,3,4,4,3,2,6,3,2,4,2,5,1,1,4,6,1,2,5,5,4,1,1,5,2,6,3,6,2,6,3,6,2,3,6,2,6,2,1,4,1,6,2,4,6,3,2,6,5,5,5,5,3,5,3,5,3,5,1,5,2,2,4,1,3,4,4,1,3,1,6,4,5,3,3,2,2,6,1,4,4,5,3,6,5,2,6,3,2,4,2,5,5,5,5,6,4,6,4,6,4,4,6,1,6,2,6,6,5,5,4,2,2,4,3,1,5,2,4,3,1,2,6,6,5,1,5,5,2,1,5,6,4,5,5,6,1,1,5,4,1,4,3,5,5,5,5,4,1,5,3,3,1,6,5,4,2,1,2,6,5,4,5,6,5,3,6,4,1,5,1,5,5,2,2,3,6,4,4,2,5,5,2,2,6,6,6,2,2,4,6,2,1,1,5,3,1,2,5,2,6,2,4,3,4,5,3,6,2,6,6,5,3,2,2,3,2,2,2,6,5,1,1,6,5,4,1,3,2,5,2,5,5,4,5,6,5,6,3,3,4,5,1,2,2,3,3,1,1,5,3,4,3,4,5,1,1,1,1,4,1,5,4,2,4,1,1,2,2,4,6,3,4,5,4,6,1,3,3,1,4,4,2,4,5,2,1,6,2,1,4,5,1,3,1,4,3,6,3,5,2,3,1,3,6,1,1,4,3,1,3,5,3,5,3,5,5,2,3,6,1,1,6,5,6,3,4,5,2,2,6,2,1,2,2,3,3,4,3,1,5,2,5,1,4,1,2,1,2,4,5,4,5,3,3,5,2,6,1,1,2,5,5,3,2,2,4,6,2,4,6,5,2,4,5,4,4,6,1,6,1,3,1,4,1,2,2,4,1,2,1,5,3,1,1,6,5,5,5,5,6,5,6,2,4,4,6,3,5,5,3,6,3,2,5,3,1,1,4,4,2,5,3,5,5,6,5,5,3,1,1,2,4,3,3,3,3,2,6,5,5,3,4,1,6,3,1,3,3,5,2,3,3,3,1,4,4,3,1,6,6,2,3,2,1,6,4,6,4,2,1,1,4,3,2,3,1,1,2,2,4,6,4,2,3,4,4,1,2,3,4,2,3,3,5,5,6,1,3,4,3,1,1,2,2,4,2,3,5,2,2,2,4,5,3,2,3,4,1,3,1,4,5,6,5,4,3,2,5,1,3,6,2,3,2,5,2,5,2,4,4,2,6,3,6,3,4,1,2,1,4,5,5,2,2,4,5,4,1,4,4,3,6,6,3,4,3,5,1,3,4,2,4,5,1,6,6,2,6,6,5,5,1,2,4,1,5,6,6,4,1,1,5,3,6,5,5,5,5,3,3,5,1,4,2,2,2,1,6,5,6,4,1,1,4,2,2,2,4,3,4,3,4,3,3,4,3,2,6,3,3,1,5,5,1,4,4,2,6,3,2,6,6,2,2,6,4,6,2,1,2,2,3,5,4,6,4,3,6,5,2,6,1,1,6,4
2.1206,2.1571,2.1501,2,0.069912,1.2158,3.7057,16.166,1.0509,1.3479,14,4,8,14,4,2,4,8,9,4,8,8,8,8,8,14,6,7,4,8,5,8,8,7,8,14,8,7,8,8,8,14,5,14,8,14,7,5,12,2,12,7,2,2,8,8,7,4,4,14,6,12,5,6,4,5,7,14,6,5,4,8,14,8,7,7,6,4,4,5,4,2,12,12,5,14,6,5,3,5,7,8,5,2,12,8,12,8,5,8,4,14,8,7,7,7,14,8,4,14,8,4,7,12,4,8,5,5,7,8,4,8,4,7,7,14,8,8,8,14,7,7,2,8,7,12,4,12,8,8,7,1,7,10,7,7,8,7,8,2,8,14,8,14,4,15,11,12,7,5,6,14,8,12,7,5,4,6,8,4,13,8,8,5,4,8,8,7,7,12,4,8,7,7,7,5,3,4,1,4,10,2,3,10,10,10,10,10,12,11,15,4,5,1,5,10,15,5,3,5,15,10,10,5,4,1,12,5,7,15,1,10,1,1,11,1,1,10,10,15,3,4,4,11,5,1,15,4,1,11,7,11,1,10,10,4,5,15,15,11,4,7,1,4,6,13,13,1,3,11,1,12,1,15,5,1,1,13,10,13,5,1,5,4,7,10,15,15,15,3,5,4,7,5,7,15,5,5,5,1,1,15,5,4,10,4,15,11,13,10,5,10,7,11,11,1,5,15,5,4,10,10,15,15,1,11,14,15,15,5,11,5,1,5,7,10,3,4,15,3,10,15,1,11,12,10,5,11,1,4,11,5,12,9,10,10,5,12,10,10,15,15,5,3,5,8,14,9,6,12,12,1,10,8,14,12,8,8,8,8,8,14,4,15,7,6,1,6,6,15,6,12,6,15,8,6,8,7,1,12,6,9,15,1,10,1,1,4,1,1,8,8,15,12,12,9,4,6,1,4,7,1,15,12,4,1,7,8,11,10,15,15,4,7,12,1,7,8,6,10,1,12,4,1,7,1,9,6,1,1,10,6,8,8,1,6,12,14,8,15,15,15,9,6,7,12,10,7,15,10,7,6,1,1,15,6,7,6,7,15,15,9,8,6,8,14,4,15,1,6,15,11,7,8,8,15,15,1,15,4,15,15,6,4,6,1,6,7,8,12,7,3,13,6,15,1,5,14,8,10,15,1,7,4,6,14,9,8,8,15,12,8,6,15,15,10,12,10,2,14,14,6,14,14,4,14,9,11,14,12,9,9,9,8,12,7,7,14,6,4,9,9,7,9,14,9,13,9,9,8,14,4,14,10,14,7,4,6,4,4,10,4,4,9,9,10,14,14,14,2,3,4,2,14,4,10,14,10,4,8,9,6,6,13,10,2,14,14,4,14,7,6,13,4,14,10,4,5,2,7,6,4,4,6,9,9,6,4,6,14,14,9,2,7,7,14,8,14,14,9,14,10,8,14,9,4,4,7,9,14,8,14,7,10,14,9,9,9,12,10,7,4,8,7,6,14,6,9,15,7,1,13,2,10,7,9,13,9,2,8,14,9,14,14,4,3,6,7,4,10,14,9,6,2,4,14,7,6,12,15,9,6,9,12,9,8,13,7,6,14,6,12
2.2534,1.9892,2.0796,2.0045,0.051837,0.0299,0.20733,1.0113,0.93033,0.23001,14,9,11,14,14,5,14,12,3,2,12,12,11,11,11,14,10,10,14,12,5,12,12,13,13,14,12,13,12,11,11,1,5,14,9,9,10,8,12,8,8,10,5,5,12,11,13,9,9,9,13,12,15,13,9,5,13,9,10,5,1,12,9,12,4,13,10,14,14,8,9,12,12,12,8,7,10,6,14,8,13,12,5,5,12,12,11,12,5,12,14,14,12,13,10,10,9,12,9,9,11,12,10,11,14,8,5,5,13,11,14,11,14,10,10,14,12,11,12,9,10,13,5,11,10,12,14,10,12,10,10,5,10,10,10,10,11,10,11,11,12,14,11,9,14,10,14,11,13,5,10,14,12,11,10,8,14,10,12,9,14,11,12,12,14,12,12,13,13,11,14,11,9,9,1,7,1,9,2,1,7,8,1,11,11,14,11,11,1,13,13,5,14,2,14,11,13,15,3,11,10,11,14,14,1,2,14,5,9,13,2,7,2,2,13,2,2,14,14,10,1,9,9,10,11,4,10,9,2,10,5,13,2,9,7,9,11,6,10,13,9,9,2,1,14,7,7,2,7,13,13,1,2,13,11,2,10,11,14,7,11,2,11,1,9,11,13,13,13,5,11,9,1,14,9,13,11,1,11,2,2,10,14,9,7,5,13,13,5,11,14,11,5,13,10,2,7,13,11,1,12,7,13,13,2,13,10,13,13,14,13,11,2,11,1,7,9,2,13,5,14,10,2,13,9,11,14,13,2,1,13,11,9,9,11,11,11,1,7,11,13,13,7,9,7,5,10,15,11,15,10,1,2,11,8,14,9,11,4,4,4,2,12,13,15,11,1,11,4,7,10,6,9,7,11,9,4,14,1,15,9,15,12,1,9,1,1,12,1,1,4,9,12,10,2,14,7,11,2,7,15,1,7,10,12,1,3,4,15,4,7,7,12,10,10,1,15,9,9,11,1,5,12,1,15,1,7,9,1,12,11,9,9,9,1,1,15,11,11,13,13,12,14,9,15,15,4,9,12,11,14,13,1,1,13,9,10,9,15,13,13,15,11,9,11,10,13,7,1,4,13,11,15,15,4,12,13,1,13,13,12,13,9,12,11,4,11,15,4,10,15,2,14,11,13,1,13,10,9,4,12,1,10,12,9,14,15,11,11,9,10,11,9,13,12,4,10,4,10,9,9,14,9,9,15,9,14,12,3,7,7,14,2,11,1,10,13,9,11,15,2,2,13,2,8,2,13,14,14,14,3,15,9,7,9,10,6,14,6,15,13,15,15,14,14,10,1,1,1,10,7,4,10,9,15,13,1,4,15,1,14,1,7,13,10,10,9,9,6,1,11,2,14,6,9,4,6,9,6,13,7,15,10,2,2,2,2,15,2,9,9,7,10,4,4,9,2,9,1,14,9,4,11,1,14,15,15,13,14,9,11,1,8,13,9,2,7,7,1,1,13,15,7,4,2,1,5,11,3,13,15,13,13,4,4,7,8,2,15,7,1,11,9,9,8,1,2,10,15,10,9,7,14,11,6,9,4,2,3,1,7,2,2,9,14,2,13,13,7,9,7,9
2.2294,1.8886,2.0553,1.9971,6.803,0.59958,1.0895,2.6129,0.02635,0.51834,8,6,7,10,10,5,10,7,8,10,7,7,7,7,7,10,8,13,8,7,5,7,7,13,7,10,7,13,7,7,7,8,5,10,7,10,13,5,7,5,5,4,5,5,7,7,13,8,8,10,1,7,5,13,8,5,4,10,13,5,15,7,2,7,13,13,13,10,10,5,10,7,7,7,5,8,14,5,10,5,3,2,5,5,7,7,7,7,5,7,10,8,2,13,13,13,10,7,8,8,7,10,4,2,10,7,5,5,13,7,10,7,10,13,2,10,7,7,7,10,13,13,5,7,4,2,8,7,7,13,4,5,11,12,4,13,7,13,7,5,7,8,2,8,10,13,10,2,4,5,10,10,7,7,13,7,10,13,7,10,10,2,7,7,9,7,2,4,13,7,8,7,8,10,9,8,10,13,5,13,8,10,13,2,8,8,8,2,10,15,9,4,8,15,8,8,9,8,10,8,9,2,8,2,10,5,10,2,2,15,5,2,15,5,15,5,5,2,2,9,10,13,13,1,8,5,15,10,5,4,10,15,5,13,8,10,2,15,5,9,13,10,5,13,2,2,8,5,13,7,5,13,5,15,2,5,5,2,8,2,2,5,8,13,10,2,15,15,15,13,8,13,10,8,10,11,2,13,2,5,14,15,8,13,2,13,9,9,2,2,2,8,13,9,9,5,2,15,2,10,2,8,15,15,5,6,12,15,9,8,15,8,5,8,10,2,10,10,9,13,2,9,5,3,10,8,2,9,4,13,9,8,13,13,8,8,2,8,8,8,9,9,8,13,2,13,10,13,7,4,4,3,4,7,4,4,2,7,7,7,2,4,15,15,10,7,3,7,8,15,7,4,7,15,8,7,8,10,3,4,7,4,12,3,2,3,3,12,3,3,11,2,15,9,8,10,1,7,3,15,4,3,12,4,15,3,6,7,10,11,15,3,15,4,4,3,10,7,2,2,11,4,5,3,4,9,2,11,3,3,7,7,7,2,3,8,10,6,8,12,15,15,10,7,10,10,7,10,15,8,10,11,3,11,15,7,10,2,10,15,15,4,7,7,2,10,15,15,3,11,12,8,4,2,7,12,12,3,7,9,12,15,7,15,7,3,7,4,11,6,10,15,4,7,12,3,14,4,7,2,15,12,10,15,8,4,15,8,8,2,10,7,7,12,15,7,10,11,4,8,2,6,2,2,14,2,6,8,2,1,11,6,11,9,2,13,13,2,11,14,6,1,12,11,2,11,12,1,11,9,2,14,2,1,2,12,14,1,14,14,15,14,14,6,1,13,8,2,2,1,1,14,15,8,4,12,2,15,14,9,11,2,11,12,12,13,8,10,4,2,11,1,11,14,2,8,14,2,14,6,11,14,14,6,6,6,1,14,1,2,8,1,10,13,13,2,6,8,8,11,2,10,4,8,6,14,13,12,11,2,9,2,12,13,2,1,6,6,2,13,12,14,6,12,11,8,1,5,12,15,7,11,7,7,13,6,15,6,14,11,3,1,8,2,13,2,6,15,14,14,2,11,6,12,15,2,13,11,2,2,1,1,1,5,11,11,13,12,11,8,1,2
2.1564,1.8101,1.9231,2.1155,1.5227,0.12537,5.2363,1.1917,0.33934,1.2596,3,15,6,12,3,13,3,11,3,3,11,11,11,11,6,4,7,14,2,6,13,6,11,14,6,3,6,14,6,11,11,4,13,3,14,2,14,10,11,10,10,14,13,10,11,6,14,3,2,3,14,11,10,14,2,10,8,4,4,10,2,6,4,11,14,14,14,2,2,13,12,11,11,11,13,3,14,10,2,13,14,6,13,10,11,6,11,6,10,11,2,3,6,14,9,14,6,3,3,2,6,3,14,11,4,6,11,10,14,6,3,6,9,14,14,2,6,11,6,2,14,14,13,11,14,6,2,6,11,14,14,13,14,14,14,14,6,14,6,10,6,4,11,2,4,14,3,6,1,10,14,2,6,12,14,10,4,14,11,3,4,11,11,11,5,6,11,9,14,11,3,11,3,2,15,12,2,3,10,2,12,3,2,12,9,9,12,12,8,5,14,15,9,10,12,9,14,12,13,9,14,12,9,9,8,10,3,13,3,14,10,12,10,10,14,10,15,12,12,13,15,8,2,14,12,10,14,15,10,6,3,14,10,8,9,8,12,14,15,14,8,8,10,15,12,9,12,10,2,14,10,8,10,13,12,10,10,12,9,12,12,10,12,8,2,12,14,14,13,2,3,2,8,9,15,14,12,2,9,14,10,13,9,3,12,4,13,13,8,12,9,9,3,13,14,10,9,13,9,3,12,9,14,14,10,14,13,13,13,12,14,9,10,9,7,12,8,8,14,2,9,1,10,13,15,12,12,14,11,8,14,12,2,3,9,9,9,2,9,9,14,14,9,3,9,9,6,5,8,6,6,10,6,9,6,8,12,2,9,9,8,4,7,15,3,3,13,8,9,11,8,6,12,12,8,12,9,3,13,3,8,4,15,10,12,10,10,15,10,10,9,8,15,3,4,3,14,8,10,15,6,10,13,6,14,10,4,9,4,9,15,15,14,4,4,10,3,8,9,8,9,6,15,10,4,10,14,8,10,10,9,12,12,8,10,2,4,6,8,14,14,14,6,15,6,4,2,6,15,2,6,9,10,10,14,8,6,8,2,14,14,4,8,12,12,3,14,14,10,9,14,2,6,8,9,14,14,10,15,14,14,14,8,14,12,10,8,4,9,1,4,14,6,9,14,10,15,4,8,12,15,11,3,15,8,6,3,9,9,12,6,12,12,15,15,12,3,9,6,3,14,12,3,3,6,3,11,3,12,11,8,8,12,8,10,5,9,3,12,15,12,8,14,12,3,13,5,12,1,11,2,15,3,8,3,5,15,8,15,15,5,15,15,8,12,9,3,2,3,9,1,15,15,2,10,13,2,9,15,2,13,3,11,5,15,9,2,2,6,3,1,8,11,6,3,5,15,3,15,5,12,15,15,1,1,1,8,15,13,2,3,12,9,9,9,3,4,3,2,13,3,14,13,10,12,9,15,5,8,3,12,10,9,5,2,12,8,11,2,9,5,15,8,5,8,6,12,1,5,5,6,5,9,9,9,12,2,13,15,8,7,1,11,2,5,8,8,1,15,9,3,12,3,5,15,2,5,1,3,2,8,1,1,2,8,13,9,5,11,2,11,3
2.0397,1.8101,1.9615,2.1707,1.223,0.40145,5.3309,0.83931,1.3105,1.7126,11,3,10,3,3,15,8,10,3,3,11,10,15,10,10,8,13,13,3,14,4,14,10,9,14,3,14,13,14,10,14,11,4,7,10,11,9,3,13,1,1,9,4,1,14,14,13,11,11,11,13,10,1,9,8,4,9,11,13,4,3,10,8,14,14,9,9,3,11,4,12,14,10,14,10,11,5,1,11,4,6,15,4,4,10,14,14,8,4,10,3,8,10,9,13,9,3,10,3,3,10,3,13,14,11,15,4,1,9,10,2,14,11,13,9,8,10,10,14,2,13,9,1,10,13,15,2,10,14,13,13,4,13,13,9,9,15,13,14,4,14,11,14,3,11,9,3,14,9,4,9,8,10,10,9,1,3,13,14,3,11,10,10,14,3,14,15,9,13,14,3,14,8,6,13,14,13,13,1,6,14,6,4,10,14,8,14,10,13,5,5,5,8,1,8,13,5,14,4,9,5,10,14,8,6,12,3,14,13,12,11,4,1,1,5,1,1,10,10,5,6,6,13,12,14,1,5,13,1,5,6,12,1,13,9,6,10,5,5,5,4,6,1,5,14,9,10,1,4,2,1,6,1,1,9,1,1,10,10,10,14,1,8,6,4,14,12,5,5,13,14,13,4,14,9,5,14,10,8,1,1,5,8,6,8,4,5,5,8,14,14,10,6,5,7,1,14,5,8,13,10,14,5,5,12,5,5,5,5,8,5,10,1,10,6,10,13,6,5,4,10,5,1,5,13,14,8,5,15,4,5,10,9,6,10,8,14,6,9,14,5,5,10,13,10,4,6,7,4,13,13,14,8,4,8,6,4,5,10,10,5,8,15,15,13,10,3,5,10,11,10,6,4,15,5,4,5,8,3,13,4,13,11,11,5,14,14,11,14,3,5,5,15,8,6,7,11,5,3,15,6,14,15,13,11,14,13,10,7,5,3,15,15,13,8,14,6,4,5,5,14,6,2,14,6,14,15,14,14,14,5,5,5,8,14,5,7,8,10,15,15,4,7,10,13,13,10,7,15,4,8,10,14,3,15,4,6,7,6,15,15,6,12,4,5,12,15,9,3,10,15,12,6,10,10,15,15,3,15,15,15,15,4,15,5,14,5,6,5,13,6,15,6,5,15,14,15,13,4,4,15,1,7,15,5,10,7,5,10,4,13,10,4,11,15,5,13,10,8,6,3,8,3,3,1,6,14,3,6,14,4,4,8,14,6,13,15,3,4,1,8,4,15,8,6,4,9,14,4,5,6,1,5,4,6,12,3,13,1,1,15,1,12,4,14,13,3,6,3,12,8,1,12,6,1,15,6,15,1,3,8,3,14,1,15,9,6,6,1,9,8,8,14,1,3,12,1,6,1,6,15,1,1,4,4,4,2,1,5,6,3,8,12,13,15,3,14,3,6,14,6,15,14,3,14,1,1,15,4,11,8,6,13,15,3,4,14,4,7,14,10,1,4,13,4,11,8,8,13,13,11,13,9,15,15,5,13,4,1,14,3,4,3,3,13,3,4,9,1,15,3,8,14,9,1,6,13,8,6,6,4,8,8,6,14,14,13,13,4,3,8,6
1.963,1.8101,2.0394,2.1243,1.2723,0.13891,0.44024,0.16769,1.7743,0.34629,6,11,1,6,9,2,11,1,6,6,15,15,1,1,1,6,7,13,11,1,2,1,1,13,15,9,15,13,15,1,1,9,6,6,1,11,7,3,1,1,2,13,3,15,15,15,12,9,9,6,13,7,3,7,9,3,13,9,13,2,11,15,9,1,7,13,7,8,9,3,6,15,15,1,3,9,13,2,11,2,7,15,3,3,15,11,1,13,3,15,11,9,1,7,13,13,5,1,11,11,1,11,13,15,11,15,2,2,13,15,9,1,11,14,13,6,1,15,1,6,13,13,3,15,7,1,6,1,1,7,7,3,10,7,7,13,15,13,1,3,15,11,15,11,6,13,11,15,13,2,13,11,1,1,13,2,11,7,1,9,4,15,1,15,9,1,15,7,7,15,11,15,11,11,9,8,9,1,2,11,8,6,9,15,15,8,15,8,9,7,7,11,15,2,6,8,7,6,1,15,7,15,8,15,9,14,12,8,11,12,2,8,8,2,7,2,2,15,15,5,9,9,11,7,15,2,12,11,2,7,1,7,2,11,6,11,8,7,7,12,2,11,2,11,15,6,8,2,1,7,2,9,2,7,15,2,2,6,8,8,9,2,15,2,11,8,12,7,12,10,15,11,1,8,11,7,15,11,15,2,4,7,15,1,8,11,13,7,9,12,6,8,9,7,7,2,6,12,8,9,8,15,7,12,2,3,12,12,7,6,7,15,7,6,9,15,11,9,7,11,8,7,2,7,9,6,8,7,2,9,12,8,1,1,6,8,15,9,15,15,12,12,15,11,6,9,5,9,1,9,5,4,11,11,3,5,2,1,11,1,11,8,13,13,9,1,8,1,1,7,3,8,11,13,1,11,12,5,7,9,1,5,7,4,11,4,4,7,4,4,2,11,12,3,8,9,13,11,4,13,10,4,13,9,13,4,5,1,9,1,13,13,7,9,8,4,9,2,12,1,4,9,13,4,3,4,7,2,4,4,1,2,1,1,4,2,5,5,1,13,13,7,6,11,3,9,1,5,7,12,3,2,4,15,13,12,9,1,3,8,13,2,5,11,11,9,13,13,4,12,7,1,9,1,2,7,7,4,13,13,13,13,2,13,11,4,11,3,12,3,9,13,3,11,13,4,13,3,12,11,13,4,5,7,1,3,14,1,1,11,5,11,12,7,13,2,3,1,3,6,6,1,5,6,13,5,11,6,5,11,1,1,4,11,6,3,7,5,8,13,1,8,3,13,9,1,7,11,1,9,6,2,5,1,5,7,13,8,10,13,3,13,13,1,11,3,6,6,5,12,15,13,12,6,13,8,6,2,13,5,8,6,7,10,12,2,9,6,13,6,8,8,1,13,6,3,13,5,13,7,8,13,13,4,8,1,4,14,11,5,6,1,12,10,3,5,11,5,6,1,5,3,11,5,11,13,12,10,4,9,8,5,7,10,5,1,11,11,6,7,7,13,1,3,1,6,1,8,7,10,13,10,3,3,3,11,7,4,11,4,5,4,5,5,7,5,1,10,13,12,5,4,8,2,13,5,3,1,9,14,4,8,11,14,11,1,12,7,8,5,8,5
1.9444,1.8101,2.0509,2.06,1.9263,0.13317,0.77712,0.86834,1.4079,0.50115,7,7,11,6,6,1,10,13,14,6,13,13,13,13,11,7,2,3,6,13,1,13,13,3,13,6,13,3,13,13,13,7,1,6,11,7,2,12,13,12,1,2,6,12,13,13,3,7,7,2,3,11,1,3,6,1,15,7,2,12,9,13,7,11,2,3,3,7,6,12,7,13,13,13,1,7,2,1,6,1,3,11,1,1,13,13,13,11,1,13,6,7,13,3,2,3,7,11,7,4,11,6,2,13,6,13,1,12,3,11,6,13,6,3,3,7,11,11,11,6,3,7,1,13,3,12,6,13,11,2,3,12,3,3,3,2,11,2,11,1,13,7,11,6,6,3,7,13,2,11,3,7,13,11,2,1,7,5,13,7,8,11,13,13,6,13,11,2,3,13,6,11,7,2,8,4,8,1,12,12,13,9,13,4,4,13,4,4,1,15,7,8,4,12,13,4,7,4,2,13,7,4,13,4,1,12,1,4,8,15,12,4,12,12,15,11,12,4,4,7,2,8,1,7,4,12,7,8,12,6,3,15,12,8,13,1,4,15,7,7,2,1,12,1,4,13,4,12,2,15,12,8,12,15,13,12,7,4,13,13,13,12,4,1,3,4,15,15,15,2,4,2,2,13,8,15,4,2,13,12,12,7,4,8,4,8,7,15,2,4,13,13,8,7,5,12,13,15,13,2,4,10,15,7,12,7,7,7,7,4,15,13,12,13,1,4,8,1,7,2,4,15,12,14,1,13,13,15,12,1,15,4,1,3,13,13,4,1,13,4,15,7,4,8,13,2,12,3,13,15,8,11,12,13,14,8,13,13,6,6,4,12,9,7,12,6,11,13,6,7,11,8,4,7,6,13,6,12,11,8,13,12,9,11,6,11,11,9,11,11,13,6,7,12,15,1,7,6,11,7,12,11,9,3,9,11,2,13,3,13,9,7,7,12,15,11,8,6,13,6,11,12,7,11,8,11,15,13,11,15,6,13,13,6,11,13,15,3,6,7,9,9,12,4,12,8,4,8,9,4,8,4,11,11,7,4,8,6,8,7,9,8,13,13,4,8,7,4,11,13,9,10,12,6,6,9,7,11,7,15,7,9,13,9,13,11,4,12,4,8,8,7,12,7,9,11,5,12,13,4,9,11,8,7,13,3,3,6,6,6,8,6,13,9,7,6,8,13,3,3,14,8,11,10,12,11,15,14,10,6,6,8,6,8,3,7,7,3,4,1,6,4,2,1,14,4,7,6,6,6,3,1,10,6,3,7,1,4,1,1,7,15,12,4,6,2,3,14,3,2,6,1,2,3,1,5,14,15,1,10,8,3,8,2,2,7,10,14,1,10,6,4,8,1,3,5,1,10,1,2,4,1,1,4,8,6,4,1,8,14,3,4,15,15,7,3,8,3,12,8,11,15,8,3,6,1,1,2,6,10,10,10,2,7,10,4,8,8,10,2,13,1,4,2,7,14,4,9,5,2,12,2,11,7,5,6,15,4,1,8,3,4,10,10,2,3,4,15,1,2,3,8,8,5,12,14,4,6,14,8,6,4,4,10,6,8,2,7,4,10,8,14
2.0141,1.9706,2.0412,2.1244,0.42457,1.0365,1.2636,2.6545,0.95951,0.95571,1,10,1,10,10,4,12,9,10,12,9,2,9,9,3,10,3,3,10,9,6,9,9,3,9,12,14,8,9,9,9,12,4,12,9,12,3,6,1,7,4,3,4,5,9,9,3,10,10,10,3,1,4,3,10,6,11,12,14,6,12,9,10,9,14,3,3,10,12,9,12,1,13,9,6,10,14,4,10,4,14,9,6,6,9,9,9,9,5,9,12,10,1,14,3,3,12,1,12,10,9,12,3,9,10,9,4,5,3,1,12,9,10,3,3,12,9,9,1,10,14,3,4,5,3,9,12,9,9,14,3,6,3,14,14,3,11,3,1,2,9,15,1,10,10,14,10,7,3,4,3,12,9,6,3,6,10,14,9,12,10,1,9,1,12,1,9,14,14,9,12,9,10,13,10,14,5,10,8,2,13,10,6,13,7,15,13,14,5,11,11,2,13,8,13,14,11,14,5,15,3,13,14,13,2,8,14,14,5,11,8,14,8,11,11,8,8,14,13,11,10,2,10,11,14,8,11,10,8,11,5,3,8,5,13,10,14,3,11,11,2,5,8,5,14,13,14,8,8,3,8,5,8,11,13,8,8,14,14,13,13,8,13,2,10,13,3,11,11,10,14,6,2,13,5,3,13,2,13,8,8,11,13,15,13,2,11,11,9,14,14,13,10,6,11,8,1,11,13,10,13,13,3,11,8,11,3,11,11,12,11,10,8,14,4,13,10,2,11,10,8,11,8,11,5,14,2,11,8,2,11,14,2,2,13,13,14,5,14,13,11,11,6,10,13,10,14,5,15,10,10,8,2,13,10,12,14,2,15,15,15,4,11,11,5,13,8,13,14,1,14,12,7,6,15,15,13,10,3,7,15,12,11,8,14,8,3,9,8,8,14,13,11,10,10,5,9,15,8,11,10,8,11,10,1,8,12,13,5,14,11,11,11,10,12,8,5,14,4,13,8,5,1,8,10,8,1,15,8,8,13,15,13,13,8,13,5,10,15,1,11,11,5,14,10,10,15,12,1,15,5,13,8,8,11,13,5,15,5,11,11,5,13,15,13,12,1,11,8,1,3,13,10,13,14,1,11,8,11,1,11,11,11,11,14,8,13,12,13,10,5,11,5,8,11,8,11,12,15,9,11,8,5,11,15,2,5,15,15,7,10,13,13,11,11,13,10,15,4,4,4,1,12,4,11,12,2,4,12,1,3,1,2,14,12,3,10,4,2,5,2,1,10,2,12,10,5,8,2,1,4,11,12,8,12,3,5,1,5,7,6,11,5,2,2,3,4,4,4,10,8,11,5,4,8,3,12,10,11,12,2,4,9,14,10,3,12,12,5,12,1,13,1,11,4,10,11,12,11,3,1,11,5,8,2,2,1,5,2,4,4,1,7,3,3,12,2,12,4,2,12,6,1,4,2,11,5,3,2,4,1,4,14,3,9,8,2,2,12,6,3,11,1,3,2,12,2,1,14,6,11,14,3,3,3,11,14,4,5,8,15,2,4,4,3,4,6,3,11,6,12,8,2,7,11,4,3,8,12,4,1,8,8,12,1,2,6,6,8,12,1,4
2.0482,1.8999,2.0087,2.0608,0.73144,0.35229,0.48221,0.98506,2.2219,0.85076,10,1,3,11,11,14,1,3,10,7,2,2,3,3,3,1,13,13,12,3,14,2,3,8,2,10,3,8,2,2,3,11,14,11,3,1,8,14,10,5,5,13,14,5,3,3,13,11,11,11,8,3,14,8,10,14,8,11,8,6,15,2,11,3,4,8,8,11,10,5,1,2,2,3,5,10,8,3,10,14,13,2,14,2,3,2,1,3,5,2,11,1,2,8,8,8,10,2,1,1,3,10,8,3,11,2,14,5,8,3,10,2,11,8,8,11,2,2,3,1,8,8,14,3,8,3,1,5,2,13,11,14,13,8,13,8,6,8,3,14,3,11,6,10,1,8,1,3,8,14,8,1,3,3,9,14,10,8,2,1,11,3,3,3,1,2,2,8,8,2,10,2,11,14,12,1,7,14,9,14,3,5,12,7,10,3,1,1,14,13,13,14,1,9,7,3,8,10,5,3,8,1,10,1,14,9,10,1,12,6,9,3,9,9,13,2,9,3,1,13,12,14,12,13,1,9,8,12,9,8,5,13,11,5,7,14,1,15,8,8,12,14,9,14,1,7,10,9,5,8,9,14,9,13,10,9,4,1,10,1,1,9,10,14,5,3,8,8,13,5,10,5,12,1,14,8,1,12,7,9,9,8,3,3,7,5,8,8,14,10,10,1,12,13,13,9,1,8,1,12,3,7,13,8,9,13,8,13,8,7,8,1,9,3,12,10,5,14,8,5,3,8,9,8,12,1,3,8,9,14,8,7,14,5,1,3,3,5,3,1,8,8,10,12,3,5,2,11,1,8,2,9,2,1,2,4,10,1,1,14,14,2,3,13,12,14,9,1,14,3,1,11,1,13,14,10,1,8,9,12,1,12,2,5,14,9,5,13,11,9,1,13,3,2,8,6,3,1,5,13,8,5,13,8,3,9,15,14,8,14,10,13,13,11,12,9,8,14,1,6,5,8,3,5,12,5,13,10,5,3,1,10,1,14,9,10,8,12,1,3,3,3,11,10,8,8,14,12,3,1,2,10,5,5,13,14,11,14,6,13,13,11,10,10,1,11,3,3,5,14,3,14,11,14,10,3,13,5,13,3,3,3,10,13,1,5,1,8,10,6,12,13,12,1,13,5,13,2,14,14,7,9,11,13,1,6,6,14,14,1,8,14,1,13,13,10,6,14,11,5,5,1,4,6,9,6,1,2,12,7,1,14,13,14,5,3,8,15,13,9,1,13,8,7,12,13,8,14,1,1,6,9,5,1,5,7,9,8,9,9,15,3,10,13,13,3,6,6,5,15,14,9,3,12,9,8,5,3,2,6,7,6,7,14,8,8,6,12,10,6,1,1,5,9,6,3,9,5,9,13,7,9,10,14,1,1,13,9,13,6,12,14,15,3,3,6,1,5,5,14,12,3,13,5,14,9,9,8,1,5,7,6,8,8,6,13,13,13,5,3,8,9,13,8,13,2,1,7,15,6,9,15,7,3,3,14,12,1,9,1,10,13,5,12,3,12,13,8,9,15,5,14,1,11,9,12,15,7,5,6,14,1,14,12,1,1,8,8,13,12,13,6
2.0554,1.9955,1.9136,2.083,0.35497,2.9087,0.69805,0.48389,0.85136,0.074476,4,4,6,1,4,7,1,6,4,4,6,6,6,6,6,1,4,15,1,6,7,6,6,15,6,4,6,15,6,1,3,11,7,1,6,1,15,7,15,7,7,15,7,7,6,6,15,1,1,8,15,6,7,15,1,7,12,1,15,7,4,3,11,3,15,15,15,4,4,7,1,6,3,3,7,4,11,7,4,7,15,6,7,7,3,6,6,6,7,3,4,1,6,15,15,10,4,3,1,1,3,4,15,6,1,3,7,7,15,3,4,6,4,15,15,13,6,6,3,3,15,15,7,3,9,3,4,3,6,15,15,7,15,15,15,15,6,15,3,7,6,6,3,4,1,15,4,3,15,7,11,1,6,3,15,7,11,5,6,4,14,3,6,3,1,3,6,15,15,6,4,3,2,11,6,13,6,11,4,6,12,11,11,12,12,12,12,12,6,15,15,7,12,4,13,12,15,12,7,13,3,12,1,12,11,4,7,12,7,3,4,7,4,4,15,4,4,13,13,15,6,6,11,3,12,4,3,6,4,14,7,15,15,7,13,13,3,15,3,15,6,7,4,7,12,13,13,4,7,15,4,6,4,15,12,4,4,13,12,13,12,4,13,11,6,12,15,15,10,6,12,6,11,13,7,3,12,6,13,4,4,3,13,11,13,11,3,3,5,12,12,13,3,15,15,4,12,9,13,11,12,13,3,3,4,3,3,3,3,12,15,13,4,13,12,13,11,11,15,7,13,15,4,15,6,12,13,15,4,7,4,13,11,8,13,13,12,6,13,12,15,15,12,6,13,2,11,7,3,11,4,2,11,12,4,4,6,6,6,6,12,7,5,1,4,3,15,12,12,7,12,11,6,1,6,1,12,7,2,11,6,7,5,2,6,2,2,1,2,2,12,3,5,11,11,9,1,6,2,5,11,2,15,4,5,7,7,3,10,12,1,5,5,4,4,2,11,6,12,3,2,4,1,2,4,2,5,6,2,2,12,6,6,12,2,3,7,12,12,5,1,8,4,3,11,4,12,4,5,12,11,12,2,2,5,6,4,3,4,5,1,13,6,6,3,11,5,5,2,3,5,3,4,3,12,5,5,2,1,1,5,1,6,15,6,2,6,11,3,4,4,5,4,6,1,2,1,11,2,6,1,2,7,11,12,4,3,12,6,3,11,3,6,1,5,12,11,3,14,6,13,1,6,6,10,6,2,6,5,8,8,4,8,1,13,15,3,6,2,10,2,2,14,8,5,2,5,8,1,12,13,10,6,8,6,15,10,2,10,10,3,10,10,2,1,15,6,6,13,15,2,10,3,6,10,9,6,3,3,13,12,6,4,9,3,3,5,5,10,6,4,2,1,10,6,14,10,11,10,15,8,10,10,2,4,2,4,7,13,6,6,4,14,9,15,6,12,6,13,4,5,14,4,6,8,10,10,15,2,5,1,6,9,8,5,2,4,1,1,14,9,10,4,12,8,13,12,2,15,9,7,15,15,14,4,4,9,4,10,1,6,8,5,5,15,6,4,9,10,9,6,8,8,9,10,5,10,2,5,14,2,4,8,5,1,4,15,15,8,5,1,7
2.0446,1.8269,1.8883,1.9904,0.6902,0.8103,1.737,1.9911,1.2361,0.38934,6,13,9,3,13,5,13,9,3,12,4,1,1,9,1,13,4,14,13,1,5,1,1,14,1,14,1,4,1,1,1,6,5,6,15,3,14,5,9,5,5,4,5,5,1,1,14,6,13,13,14,9,5,4,3,5,4,3,4,5,6,9,13,1,9,14,4,6,6,11,6,13,1,9,5,3,15,5,13,5,4,1,5,5,1,1,1,9,3,1,6,13,9,14,14,14,10,9,13,13,9,13,4,9,3,9,5,1,4,9,13,9,14,14,14,3,1,9,1,13,14,14,11,8,14,9,3,1,1,14,2,11,14,14,7,14,1,14,9,5,1,13,9,6,6,14,13,9,4,5,14,13,11,1,4,5,3,4,1,3,3,8,1,1,6,9,1,8,4,8,3,1,13,3,7,1,15,13,5,13,6,8,9,15,9,1,1,9,15,11,6,13,9,5,1,9,6,9,14,9,11,9,1,9,3,5,8,13,7,6,5,9,5,5,11,5,5,1,1,6,3,7,15,11,1,5,6,7,5,11,8,11,5,13,9,15,1,6,6,11,3,3,5,3,4,1,9,5,13,6,5,13,5,6,1,5,5,9,9,9,9,11,1,3,8,1,11,11,6,12,1,7,7,9,13,11,9,15,1,5,5,6,1,7,9,1,6,6,3,1,1,9,15,11,11,5,9,6,9,7,1,1,6,10,5,11,6,2,6,9,6,1,5,9,13,1,3,3,6,15,1,11,5,11,13,7,9,11,5,8,11,1,8,13,1,1,9,3,1,9,6,11,8,7,9,15,3,7,12,7,13,1,13,5,13,9,3,5,14,1,5,7,11,6,7,12,14,5,12,6,5,4,1,11,1,1,12,7,14,3,13,7,6,14,5,14,14,11,15,14,1,5,6,9,13,5,11,5,14,11,13,15,11,7,6,14,3,1,7,5,6,6,11,7,3,15,3,12,12,5,14,7,6,14,13,14,6,12,14,14,12,5,12,5,15,5,3,9,5,11,11,6,2,1,7,13,12,13,11,1,13,12,14,12,11,5,7,1,13,6,6,7,12,1,5,7,11,11,14,1,11,1,7,12,12,11,11,14,11,6,10,6,12,6,1,15,12,7,1,8,7,6,13,5,6,15,11,9,6,12,11,15,7,11,12,13,7,1,12,5,3,5,12,15,11,7,7,5,7,11,4,5,4,4,13,4,9,11,14,11,5,1,5,10,4,6,14,4,1,8,1,12,6,5,4,10,2,1,5,1,11,8,11,12,4,6,8,10,8,15,10,15,15,5,5,6,11,4,4,7,10,15,2,4,8,2,11,2,15,11,10,4,5,7,1,2,11,11,15,4,10,1,5,15,4,6,8,4,15,6,1,15,8,12,1,5,10,15,1,11,11,5,7,2,6,7,10,4,11,12,4,2,12,11,5,8,8,6,5,4,12,4,12,6,11,1,10,1,4,6,6,15,10,6,1,11,1,12,14,2,3,14,6,6,6,12,4,10,8,12,4,1,3,11,6,4,5,2,8,2,11,8,1,2,15,11,2,5,11,11,10,10,5,11,5,12,15,2,5,11,5,4
2.173,1.9301,1.8242,2.0614,1.2437,0.62023,2.5056,0.4445,0.73879,0.3923,4,6,7,4,4,1,6,2,6,4,7,2,2,7,12,6,15,12,8,14,1,2,14,15,2,4,14,12,7,7,14,4,1,4,2,4,12,1,2,9,1,15,1,9,14,14,12,4,6,4,13,7,1,12,6,1,15,4,15,1,6,14,6,7,15,12,15,6,4,9,6,2,14,14,1,4,2,1,6,9,5,14,1,1,7,14,7,2,9,2,6,6,2,12,15,15,6,15,6,10,9,4,15,14,14,14,1,9,15,14,4,2,4,15,15,4,14,7,6,4,11,12,9,7,12,2,6,2,14,12,12,7,15,15,12,15,14,12,7,1,2,3,2,6,4,15,6,14,15,1,12,6,14,7,15,1,6,12,14,6,6,7,7,7,6,2,7,15,12,14,6,14,6,1,6,10,13,4,14,6,10,6,13,7,2,2,2,4,9,3,3,14,2,14,2,2,3,2,4,7,3,7,10,7,6,14,13,2,6,12,14,10,14,14,3,8,13,10,10,3,13,6,6,5,7,14,12,6,14,12,13,12,14,9,10,9,2,12,3,12,6,4,14,7,2,2,10,14,4,3,14,9,14,12,10,14,14,10,10,10,2,14,2,14,14,2,12,12,12,6,15,9,13,6,9,12,10,10,7,14,14,12,10,4,7,4,12,12,13,7,2,9,6,3,12,14,7,12,7,6,7,7,3,3,3,3,12,12,3,7,12,10,14,2,11,7,9,4,12,9,7,12,14,12,6,10,7,3,14,9,3,10,6,9,2,10,7,9,10,10,3,12,2,6,10,9,8,2,15,4,4,14,4,15,15,4,2,13,13,3,3,4,5,1,12,13,14,3,2,5,13,4,3,5,15,15,3,11,14,4,15,12,1,10,13,14,10,9,14,14,3,3,9,4,4,11,7,15,10,5,12,10,5,12,5,14,4,3,12,3,5,5,1,12,4,14,11,15,3,3,10,12,9,14,12,10,5,3,10,10,13,15,3,13,10,13,14,4,2,1,1,9,11,10,12,13,4,12,9,2,11,15,10,14,5,3,12,2,11,5,5,11,15,15,2,11,1,5,10,3,1,2,12,2,2,1,1,10,5,5,5,5,15,1,15,14,2,6,2,12,12,5,12,15,5,10,9,11,3,9,5,14,11,5,3,12,11,13,15,2,12,2,3,5,5,11,11,3,12,11,6,7,6,15,1,15,13,6,6,14,7,10,7,14,15,8,9,10,10,1,14,7,4,14,15,10,14,10,14,10,15,1,15,10,15,4,1,10,1,1,4,9,1,14,14,8,15,15,6,15,7,1,8,6,1,4,15,8,1,15,10,6,7,8,9,8,15,12,9,6,10,10,14,1,6,8,1,15,1,8,14,1,1,10,14,14,7,1,7,6,6,10,12,9,9,6,3,6,12,1,15,9,7,6,14,1,1,4,10,15,7,15,4,4,15,10,7,2,15,7,4,1,10,4,7,15,7,10,4,9,8,4,4,9,8,10,12,10,1,7,5,7,6,6,4,6,14,8,1,8,6,14,4,4,1,15,8,10,15,15,10,10,14,15,7,14,4,4,6,6,14,6
2.181,2.043,1.7097,2.0222,0.37874,1.2155,0.17349,0.3405,1.3241,1.0553,15,12,3,12,15,11,12,3,15,15,3,3,4,4,3,6,9,8,5,3,2,4,2,12,3,8,3,13,5,3,3,4,7,12,4,15,8,2,3,7,11,8,2,7,3,3,8,12,15,12,10,4,7,8,15,11,13,12,13,7,15,3,15,4,13,8,8,12,5,2,5,3,4,3,2,14,13,2,3,11,8,3,2,11,4,3,3,3,2,4,12,5,4,13,13,8,15,3,15,12,4,12,8,4,13,4,7,7,8,4,15,3,12,8,8,12,3,4,3,12,8,13,11,4,8,4,12,4,3,8,8,7,13,8,8,1,3,9,4,11,3,12,4,15,5,8,15,3,8,2,8,12,7,4,8,11,15,8,4,15,15,11,3,3,15,3,4,9,8,4,12,15,15,11,2,7,2,5,13,2,14,11,1,7,14,14,3,14,8,10,10,1,14,13,3,2,12,7,4,14,10,13,14,14,5,13,11,3,2,8,13,3,13,13,8,13,13,14,14,8,5,2,1,6,7,13,10,2,13,10,7,10,13,5,14,5,3,10,8,8,5,5,13,5,15,3,14,13,14,10,13,1,13,10,14,13,13,3,14,14,7,13,3,5,11,3,10,10,10,11,7,1,13,3,5,8,14,5,3,13,13,10,7,11,7,1,8,8,5,7,3,14,1,10,10,13,3,8,7,2,7,3,8,8,13,10,8,10,10,14,9,14,13,7,5,7,5,2,10,11,3,10,13,8,2,7,3,8,13,1,8,3,5,11,1,7,14,5,7,14,10,8,3,1,11,1,6,15,1,11,6,13,15,3,6,6,4,3,3,3,1,6,9,9,11,3,7,1,15,12,4,10,3,9,11,3,3,11,13,15,3,11,8,13,1,13,13,8,13,13,3,3,8,11,6,6,2,1,13,9,6,7,9,11,9,13,15,3,15,4,8,8,8,11,6,13,15,8,1,3,13,7,9,13,3,13,9,3,13,13,1,1,1,1,13,4,15,7,3,9,9,9,6,1,11,11,4,15,8,4,14,4,13,13,9,4,6,4,15,8,8,15,1,1,1,11,9,9,13,3,8,4,11,4,4,9,8,13,9,8,9,9,1,5,1,13,1,15,4,11,6,9,6,1,8,13,8,11,13,1,8,13,6,8,3,4,15,1,1,3,11,1,1,8,8,3,11,4,11,11,12,3,12,11,2,12,7,11,12,7,3,1,3,7,4,8,8,12,3,2,3,7,13,3,6,3,10,11,3,7,12,15,11,3,11,8,13,14,15,2,10,15,15,3,7,13,11,12,12,15,6,15,13,11,2,10,12,13,15,11,3,12,1,13,13,8,11,11,15,12,14,14,3,15,2,8,15,12,15,10,3,15,2,14,3,3,7,2,7,12,11,1,6,13,8,12,7,12,12,14,12,8,7,5,14,15,15,10,3,11,14,11,13,13,12,14,14,7,12,13,8,15,1,10,3,11,1,1,10,8,2,10,13,10,10,3,9,1,15,7,11,7,12,11,8,11,1,13,15,10,12,8,14,10,15,11,8,14,11,11,1,14,7,11,7,14,8,10,1,12,12,12
2.0664,2.1006,1.8898,2.0249,0.93317,1.5627,0.90158,0.1615,0.28254,1.7575,14,6,13,15,14,7,14,15,14,14,13,7,11,13,11,14,12,9,14,13,5,11,13,9,11,6,11,9,13,13,13,12,7,14,13,1,9,7,13,7,5,3,5,11,11,11,9,6,14,14,12,13,7,10,5,7,9,14,9,7,14,13,12,13,9,9,9,6,6,7,14,11,11,11,7,2,9,5,14,7,9,11,7,13,11,11,13,15,7,13,14,6,11,12,9,9,6,11,6,6,11,14,9,11,14,11,7,7,9,13,6,13,6,9,9,14,13,11,11,14,9,12,4,13,12,11,14,13,13,12,9,7,12,9,12,6,11,9,11,7,13,14,11,14,6,9,6,11,9,7,9,14,11,13,12,7,6,12,11,6,14,13,13,13,8,11,13,9,9,11,6,13,14,4,6,10,14,4,7,4,2,15,14,3,1,15,3,3,4,12,12,14,15,5,10,3,11,15,9,15,2,3,3,3,6,7,4,3,7,2,7,3,7,7,2,5,7,10,15,2,6,14,4,12,3,5,8,6,7,2,13,2,5,4,3,3,10,2,2,2,6,14,7,4,15,10,10,7,4,2,5,6,5,12,10,5,7,10,15,3,7,7,3,6,6,15,11,2,2,6,15,6,6,15,4,2,10,6,15,7,5,2,3,6,3,4,2,12,10,3,15,3,14,12,12,12,3,12,3,14,15,10,12,2,5,12,12,12,2,15,12,10,7,3,4,10,4,6,2,6,15,12,5,2,4,10,3,12,7,6,12,10,4,4,3,3,3,6,10,10,2,2,10,6,10,4,14,1,11,14,14,12,7,2,14,13,15,2,11,2,11,14,5,8,13,11,12,11,2,3,11,9,11,5,11,2,2,13,12,1,2,1,5,4,2,12,12,5,12,12,15,11,5,15,13,1,8,2,4,8,12,4,5,6,5,12,14,2,13,11,5,5,5,1,13,12,14,2,15,2,12,10,5,4,13,4,8,2,4,12,2,2,2,2,12,15,13,14,11,8,5,5,1,11,14,1,7,13,5,7,1,15,12,12,5,2,1,2,13,8,8,14,2,11,11,1,5,8,4,4,8,11,14,7,15,8,5,4,8,8,8,5,2,8,15,12,2,14,15,14,1,5,14,11,8,12,5,14,11,2,8,12,13,8,11,13,1,2,2,15,11,15,2,5,5,15,1,11,13,13,13,12,2,13,7,13,3,13,9,15,3,12,3,12,12,5,6,13,3,10,3,3,15,15,14,3,5,15,3,15,9,7,13,15,1,5,7,3,7,7,5,7,7,12,12,5,13,9,13,6,11,10,7,13,7,5,13,8,7,13,15,11,12,5,14,6,13,9,7,13,3,3,12,7,9,6,10,13,10,5,15,10,7,11,3,3,3,7,15,13,13,12,14,5,5,13,12,13,13,12,9,6,12,9,15,7,7,5,3,13,15,13,8,5,13,3,12,15,9,6,4,6,15,4,15,9,4,11,8,5,10,8,6,6,3,11,8,3,7,15,13,15,13,13,5,13,3,6,7,5,13,11,15,4,7,9,5,3,9,13,3,3,15,8,15,3,5,9,12,13,15,13
2.0372,2.0175,1.8733,2.0249,1.5643,1.5444,0.17158,1.9959,0.77805,0.22258,5,9,10,15,5,4,5,7,5,5,10,10,10,7,10,15,6,1,5,7,14,7,10,11,10,5,7,1,1,10,7,11,4,15,10,14,11,14,7,14,4,1,4,13,7,7,11,5,5,3,1,10,4,11,5,4,11,10,11,4,5,7,5,7,1,11,1,5,15,14,7,10,10,7,4,15,3,4,15,4,11,10,4,4,7,7,10,7,14,15,5,5,7,2,1,11,5,7,5,5,7,5,1,7,15,10,4,14,11,7,5,7,5,1,11,15,7,10,10,15,1,11,4,10,1,10,5,10,7,1,11,14,11,11,11,11,7,1,10,4,7,5,2,15,15,11,15,7,11,4,1,5,7,7,8,4,5,1,10,5,3,2,10,7,5,10,7,12,11,10,5,7,5,9,9,7,13,5,1,9,10,6,7,7,7,7,10,10,6,11,14,5,10,14,7,13,8,7,9,10,14,10,7,10,5,1,2,7,13,8,1,10,1,1,8,1,8,7,7,8,9,5,5,14,7,1,8,13,1,8,9,8,1,13,7,9,10,8,14,14,9,9,1,13,7,7,10,1,5,15,1,6,1,14,7,1,1,10,7,10,10,1,2,9,5,5,8,8,8,9,10,5,9,10,5,14,10,6,10,1,1,8,10,6,10,6,14,8,6,10,7,7,13,14,8,1,7,14,10,9,7,7,8,3,1,8,14,8,14,10,8,7,1,7,9,7,6,6,8,5,10,8,1,14,13,10,10,1,12,5,14,7,6,2,7,7,10,6,7,10,4,14,7,13,10,13,4,3,6,13,13,14,4,11,13,13,10,6,10,6,6,15,8,1,4,11,9,6,6,2,6,9,11,1,4,10,11,4,14,15,6,9,2,14,11,14,14,2,14,14,10,11,2,4,13,15,1,11,14,1,13,14,1,9,2,14,13,6,9,6,1,2,1,9,9,14,10,11,6,11,14,9,7,14,4,12,2,6,14,14,6,11,11,6,14,13,9,13,11,1,1,2,9,11,4,9,10,13,1,10,15,6,14,14,1,11,15,11,15,1,2,9,11,11,10,9,1,1,14,6,1,6,4,10,6,2,1,14,2,2,2,1,11,2,6,14,6,4,10,13,15,1,15,11,2,14,1,4,6,11,5,12,9,1,6,13,15,6,10,11,13,6,11,2,2,6,9,11,9,5,6,15,6,6,1,5,12,6,5,12,14,15,14,15,6,14,8,6,14,3,12,13,13,12,5,14,13,1,2,15,5,1,6,12,5,8,1,14,1,1,8,1,12,14,15,10,5,5,6,10,2,1,10,6,1,13,5,10,1,5,2,5,12,8,9,10,5,6,1,15,14,14,14,1,6,7,1,6,1,13,14,1,1,12,14,12,14,1,4,6,5,15,8,10,8,5,14,6,5,14,5,13,15,6,12,1,1,13,14,5,15,9,13,8,6,14,15,2,6,10,8,1,14,10,14,5,12,12,13,8,1,13,13,10,10,14,8,14,1,15,5,2,6,6,8,6,14,10,1,10,5,12,14,11,10,5,10,12,6,5,12,2,14,9,15,14,5,13,14,5,15,6
2.0196,2.1966,1.9615,2.0215,0.19656,0.85098,0.66852,1.3121,0.35681,1.7574,11,9,15,9,9,6,11,4,9,11,13,5,13,13,13,11,12,12,9,13,6,4,13,12,13,11,13,14,13,13,13,11,6,11,4,9,14,5,4,5,15,12,6,13,13,13,3,11,11,11,14,4,6,14,10,6,14,9,12,6,9,4,8,13,12,12,12,11,9,5,11,4,4,4,6,11,14,6,11,6,12,6,6,5,13,13,13,13,5,15,2,9,4,14,14,14,9,4,9,9,4,11,12,4,9,4,6,5,14,4,9,4,11,14,14,11,13,15,12,11,14,11,7,13,12,15,9,13,13,12,14,9,8,12,14,14,4,14,8,1,13,11,4,9,9,14,11,4,12,6,12,11,13,4,12,6,11,12,4,11,9,1,13,13,9,4,15,12,12,4,4,13,9,1,5,15,6,7,10,6,2,7,6,2,15,13,2,13,1,14,14,6,2,10,13,13,3,2,1,5,14,13,13,2,1,10,5,2,6,4,10,2,10,10,3,10,10,2,2,11,5,7,1,3,13,10,14,10,10,12,5,14,10,1,15,1,2,3,3,14,1,1,10,1,13,2,2,10,6,14,10,1,10,3,2,10,10,13,13,13,13,10,8,1,6,13,14,14,14,7,13,1,6,13,7,14,2,6,2,10,10,14,13,7,2,7,14,3,7,13,15,6,1,12,9,14,2,14,15,5,13,15,14,14,12,3,3,14,3,2,12,5,10,13,7,2,7,6,14,6,13,14,10,3,6,13,7,3,10,1,3,2,1,7,3,13,13,5,13,2,12,3,2,1,13,7,7,1,3,1,9,6,9,13,9,3,5,5,2,11,13,9,15,15,7,3,4,3,11,2,3,7,11,15,5,3,13,7,4,9,3,7,13,4,13,6,6,15,6,6,11,13,14,9,1,11,8,3,4,15,10,6,2,7,15,6,1,11,7,11,15,15,15,9,9,6,7,5,3,3,6,7,8,6,9,6,15,15,6,6,3,5,5,5,6,9,7,9,5,2,2,2,1,13,5,1,11,1,15,11,7,13,6,6,15,5,7,11,7,8,15,1,3,5,3,7,2,12,8,13,2,3,7,5,11,8,8,4,15,15,15,15,5,8,11,4,3,7,11,1,7,15,9,3,15,6,15,7,5,6,8,6,1,15,11,7,1,1,5,5,1,3,3,8,4,11,7,13,9,9,9,11,9,13,10,9,11,13,9,2,2,9,2,4,13,14,14,9,4,10,2,11,14,2,9,4,8,2,4,11,9,10,13,4,13,6,10,4,10,10,14,10,10,4,11,13,13,13,9,5,11,10,14,5,10,6,13,14,10,13,3,9,11,8,8,14,13,13,10,9,2,4,11,10,9,14,10,9,10,8,8,10,10,4,2,4,2,10,15,11,13,4,5,14,14,9,4,9,13,11,9,14,11,13,2,10,10,8,4,13,11,13,6,8,13,4,11,7,9,6,3,14,4,8,4,15,2,3,8,14,12,2,8,14,14,2,6,10,10,4,9,2,9,13,8,9,4,8,10,8,9,2,4,8,10,13,8,2,9,13,1,2,2,5,4,4,6,8,4,9,2,13
2.0196,2.2682,1.8808,2.0848,0.96309,2.4795,0.47577,0.78359,0.93258,0.38661,4,7,12,1,7,3,7,12,4,4,12,12,12,5,12,4,8,14,4,14,13,5,1,14,12,4,12,14,12,12,12,11,13,4,12,7,8,9,5,9,3,14,3,9,9,5,8,4,7,7,8,12,3,8,4,13,10,4,14,13,7,12,4,12,8,5,7,7,7,3,1,12,12,12,3,7,14,3,4,2,14,12,3,13,12,12,12,12,3,12,4,7,5,14,14,8,7,5,11,7,12,8,14,12,7,12,13,9,14,12,4,12,7,14,8,7,12,12,12,4,8,14,13,12,14,5,4,12,12,8,8,3,8,14,7,14,5,14,5,13,12,7,5,4,7,14,7,12,8,3,8,7,12,12,14,6,7,14,12,4,4,5,15,12,4,12,12,8,14,12,4,12,4,10,10,9,10,10,13,6,5,15,15,9,5,9,5,5,4,8,1,4,13,13,12,6,1,9,7,12,1,9,9,5,4,13,4,9,10,8,13,5,6,13,8,13,13,5,11,8,15,10,7,8,9,13,1,10,8,14,15,1,13,6,9,15,5,8,1,1,10,13,13,15,5,12,9,13,6,1,13,10,3,1,9,6,13,9,9,5,5,13,5,15,7,5,8,1,8,10,5,4,10,9,9,1,9,10,9,13,13,1,5,4,9,7,1,1,7,5,12,5,15,12,1,13,5,1,5,15,9,9,8,8,10,8,1,1,8,5,1,5,13,12,10,5,15,6,1,7,5,8,1,1,10,5,5,1,2,10,1,9,15,15,5,12,7,15,9,5,8,1,9,4,9,4,4,4,6,3,15,10,4,12,4,3,12,12,6,1,2,5,13,8,3,12,7,12,1,8,6,4,2,8,6,6,12,5,10,3,6,3,13,10,2,10,10,13,10,10,2,8,13,3,3,4,13,6,10,8,3,10,11,4,8,10,1,6,4,1,8,8,2,3,4,10,4,2,12,6,10,4,8,10,3,7,8,6,10,10,6,2,2,12,10,12,4,12,12,8,8,13,4,2,4,3,1,9,8,6,3,6,10,10,13,2,4,6,3,8,8,4,2,2,12,3,13,8,10,1,13,12,3,6,6,13,13,10,13,8,8,8,12,8,12,7,12,4,1,3,4,8,3,6,8,5,8,3,2,2,8,14,4,8,6,3,4,1,13,6,3,6,2,13,8,6,3,1,5,9,9,12,9,15,10,9,8,9,9,12,12,6,12,8,13,14,5,9,6,10,12,1,14,6,9,8,14,12,6,3,13,10,9,12,9,14,10,8,15,10,5,10,10,10,3,1,9,9,9,5,12,10,5,9,4,14,9,1,10,9,6,9,12,5,5,1,9,9,10,9,8,8,12,10,9,1,10,9,13,1,6,2,10,12,12,12,8,10,8,9,9,8,14,1,1,9,8,9,9,12,2,1,6,9,6,10,10,1,12,13,6,9,1,14,9,12,8,8,7,1,5,10,6,14,6,13,6,12,14,5,10,14,14,1,14,8,5,8,10,8,9,8,9,9,14,9,12,1,11,5,9,12,6,14,5,9,14,6,3,9,8,12,8,15,6,12,1,1,6,13,12,9
1.9792,2.2017,1.8451,2.0911,1.6784,1.5473,0.80884,2.0523,0.85213,1.433,3,8,11,8,8,15,3,7,8,14,11,11,11,11,11,8,13,2,3,7,15,11,11,2,11,3,11,2,3,11,11,4,9,8,13,4,2,9,11,15,5,2,15,9,11,11,2,4,3,8,2,7,9,2,4,9,2,8,2,9,4,7,4,11,2,2,13,8,8,15,12,15,7,7,9,3,13,9,8,15,2,7,15,9,11,11,11,7,15,11,8,4,5,8,2,2,3,11,8,3,11,4,2,7,8,11,15,9,2,7,3,7,8,2,2,10,11,11,7,8,2,2,9,11,2,5,8,9,11,13,6,9,13,1,13,2,7,13,11,9,11,8,7,4,7,2,3,7,2,15,13,8,11,11,2,15,3,2,11,4,4,5,11,11,8,5,11,13,2,11,4,7,8,14,5,11,15,5,13,14,15,12,13,15,11,15,11,12,5,2,2,14,9,13,11,15,2,11,12,11,2,10,11,11,5,13,14,15,9,10,13,11,13,13,10,13,13,15,11,10,14,12,5,10,11,13,10,9,13,2,14,2,13,5,15,5,15,10,10,2,5,5,13,5,4,15,15,13,14,2,13,5,13,2,15,13,13,15,11,15,15,13,11,5,14,6,8,2,10,12,11,9,14,11,12,2,11,5,11,13,13,10,15,5,15,9,10,10,3,15,11,11,9,2,2,13,11,2,15,9,6,6,2,7,13,2,1,2,10,15,10,11,13,11,5,15,14,5,2,12,15,10,13,2,5,11,11,10,13,9,10,15,5,14,15,15,10,5,11,11,2,2,11,9,15,9,5,8,11,8,5,7,9,12,8,14,15,11,15,11,5,5,1,2,8,12,7,11,15,4,12,8,11,2,10,11,11,9,7,3,11,9,2,7,11,7,7,2,7,7,12,11,2,9,3,10,2,11,7,2,9,4,1,8,2,7,5,15,9,15,2,2,1,5,5,7,8,2,12,12,7,8,1,7,8,4,1,15,7,7,12,11,15,12,15,15,8,9,12,13,1,2,9,15,8,3,11,3,2,12,8,11,7,7,2,15,5,12,8,2,1,6,11,11,12,10,2,2,7,15,1,12,8,3,15,1,7,7,1,1,1,1,11,2,11,7,12,8,15,9,3,2,12,11,2,7,1,5,11,11,2,7,8,2,15,9,9,15,15,11,5,15,11,1,2,11,9,12,8,9,4,14,4,4,6,14,7,9,14,8,15,15,8,12,4,11,11,4,15,13,8,8,8,7,14,15,2,2,8,12,14,13,9,13,9,11,13,15,13,13,10,13,6,15,12,10,3,14,4,10,12,13,13,9,6,2,14,11,13,14,7,14,12,10,11,11,4,4,15,6,10,12,7,6,14,2,13,4,6,2,15,13,6,15,15,8,12,13,8,4,9,7,9,11,11,14,8,4,14,8,14,2,12,1,8,13,13,10,15,4,12,4,11,11,4,15,8,12,9,2,11,13,15,11,15,9,5,7,2,7,6,2,1,2,11,15,12,15,13,12,9,12,4,4,2,9,15,10,6,10,4,15,8,10,6,4,10,12,9,14,15,12,8,4,11,8,10,2,4,14,12,4
1.8993,2.3181,1.8403,1.9664,1.5457,0.4583,1.1246,0.5957,1.6432,0.59764,3,3,14,4,4,10,4,14,4,3,14,14,1,14,12,3,13,2,3,12,10,1,12,2,12,4,12,2,12,14,12,4,10,4,14,3,2,10,12,10,10,11,10,10,1,14,2,3,15,6,13,1,10,2,13,10,2,4,13,10,3,12,3,12,9,2,2,4,4,10,14,14,1,1,10,3,2,10,3,10,2,14,10,10,12,1,1,14,10,1,4,3,1,2,2,2,5,1,3,3,12,4,2,1,4,1,10,10,2,10,3,12,4,2,2,4,14,12,1,4,2,2,12,12,2,12,4,14,1,2,8,10,13,2,13,2,1,2,14,10,12,4,12,3,4,2,3,12,2,10,2,3,14,12,2,10,13,4,12,7,4,12,12,14,3,1,3,2,2,1,1,12,13,2,2,11,2,2,15,7,14,2,7,14,1,11,11,1,7,8,8,3,1,15,14,1,8,12,2,3,8,1,14,1,7,15,2,14,2,8,15,14,15,15,8,15,15,11,14,8,2,4,2,8,14,15,8,7,15,8,13,8,15,2,14,7,11,6,8,8,7,7,15,7,14,11,11,15,2,8,15,7,15,8,11,15,15,14,11,14,14,15,11,7,7,11,8,8,8,5,11,3,7,14,7,8,11,7,11,15,15,8,14,3,14,2,8,8,15,11,1,1,3,8,10,1,1,8,1,2,1,11,8,9,15,8,8,8,8,1,8,14,15,1,7,14,7,7,8,3,14,8,15,8,7,11,1,8,15,2,8,1,15,3,1,14,1,7,14,1,8,8,3,14,11,3,10,15,11,10,3,13,10,7,3,15,7,7,11,13,12,10,4,4,3,12,8,12,12,4,11,3,7,4,12,7,12,15,8,10,7,3,2,13,12,13,13,10,13,13,11,12,2,10,3,9,2,7,13,2,6,13,2,14,4,13,10,12,15,11,7,4,2,3,10,13,15,12,7,11,13,3,4,13,3,8,4,11,13,13,12,7,7,12,13,11,13,3,11,2,2,2,5,7,3,15,12,15,4,11,3,11,13,13,4,2,3,12,15,4,2,15,7,12,7,15,2,8,10,7,2,12,3,12,11,4,4,13,2,4,4,4,7,4,12,4,12,15,12,15,15,2,11,12,2,13,2,3,7,12,4,13,15,2,12,1,15,12,12,7,3,12,12,4,4,15,15,11,3,13,13,12,13,7,4,7,12,8,7,14,11,1,4,12,7,6,8,7,11,4,14,1,2,5,13,11,5,14,14,14,7,4,7,14,13,6,4,1,4,4,9,4,15,9,14,5,13,7,2,5,1,4,6,13,4,6,8,6,4,8,11,7,12,15,5,6,8,13,4,7,14,11,12,15,7,6,4,7,15,5,11,15,4,11,9,14,11,4,9,7,7,9,13,5,6,12,9,8,13,11,7,6,12,7,14,4,15,5,14,8,12,13,5,6,7,9,1,1,8,5,10,15,11,5,11,13,11,9,5,6,4,5,6,6,5,1,6,14,15,1,7,12,7,7,5,13,11,5,4,6,7,14,14,6,4,8,15,11,3,8,1,11,14,8,1,11,1,6,1,7,12,7
1.7186,2.5339,1.9998,1.9901,0.40843,0.48366,0.21962,0.68541,0.41543,0.92442,5,11,6,5,13,4,11,6,11,11,12,6,6,6,12,11,10,15,11,12,4,6,12,2,12,5,6,15,6,12,12,13,4,5,5,5,2,4,6,4,4,1,4,4,12,12,15,5,13,3,15,12,4,15,5,4,2,5,15,4,9,6,13,12,15,15,2,13,5,4,13,12,12,12,4,5,7,4,5,4,2,12,4,4,12,12,12,12,4,6,11,11,6,2,2,15,14,6,11,5,6,5,15,6,11,6,4,4,2,6,6,12,11,2,15,13,12,11,12,5,12,15,4,12,15,6,13,6,12,15,2,4,2,2,2,2,12,15,12,4,6,13,6,11,13,15,11,6,2,4,15,11,6,12,15,4,11,15,12,11,8,12,12,6,13,15,12,15,2,12,11,6,11,2,13,6,2,2,9,2,6,13,9,10,6,12,6,6,13,4,1,11,6,9,8,10,3,10,15,12,1,6,6,10,15,9,15,11,2,7,9,6,9,9,1,9,9,10,6,1,15,13,15,1,10,9,1,2,9,3,15,1,9,13,6,2,10,1,1,3,15,2,9,15,10,10,6,9,11,3,9,10,9,3,10,9,9,10,10,10,6,9,6,13,2,6,3,3,1,14,6,13,13,6,2,1,6,13,6,9,9,3,6,11,10,11,3,1,8,10,10,10,2,12,1,9,10,12,6,15,10,6,1,3,9,3,3,3,3,10,1,6,9,6,15,6,13,2,1,11,6,3,9,1,13,6,12,1,9,11,1,10,11,5,10,10,12,13,12,12,1,3,10,11,6,13,11,5,12,5,6,3,11,12,11,13,10,10,12,10,12,5,8,7,11,12,4,12,13,1,13,5,12,7,12,12,10,11,4,5,10,5,7,3,13,3,1,4,3,3,10,13,7,11,11,9,1,10,3,7,11,4,7,5,1,3,2,12,5,10,7,7,1,6,5,4,6,10,10,12,3,5,14,4,7,3,1,13,3,3,10,10,10,10,3,12,5,5,12,1,7,7,15,12,11,11,13,5,7,12,5,13,3,3,1,13,11,10,5,1,7,6,10,3,10,5,1,7,3,13,7,12,6,13,13,1,1,3,1,1,7,1,10,7,13,4,12,11,13,11,6,7,5,12,1,3,7,11,13,13,7,3,12,7,10,5,6,10,10,12,11,11,10,7,1,10,11,12,11,9,13,2,9,9,6,9,10,13,13,5,2,5,2,8,9,15,15,13,8,6,8,2,4,5,13,5,7,8,2,8,9,6,13,5,9,7,6,8,6,6,11,6,6,2,2,15,9,9,10,7,2,6,7,13,1,4,9,15,6,9,8,1,5,7,15,7,10,13,1,13,5,2,2,6,13,12,6,13,6,7,5,6,6,8,5,2,8,6,2,13,9,5,3,15,15,13,2,9,13,2,9,15,12,9,2,6,6,4,2,9,2,9,4,15,13,2,14,5,9,13,6,6,5,3,8,12,8,8,7,4,6,4,4,4,15,5,15,4,6,12,9,5,13,13,15,13,2,7,6,15,13,2,2,7,6,13,15,2,9,3,5,8,8,10,2,9,7,4,5,13,5,13
1.7982,2.5637,2.0062,1.8591,0.267,1.1838,1.4581,1.3259,0.31451,1.0682,11,12,2,12,12,5,12,2,11,12,2,2,2,2,13,9,3,7,8,2,3,2,2,9,2,12,2,9,2,2,2,4,5,12,4,11,1,3,2,5,5,9,5,5,2,2,9,11,12,11,9,2,5,9,11,5,9,11,9,5,11,2,11,2,9,9,14,12,12,3,4,2,2,2,5,4,9,5,12,5,12,2,5,3,2,2,2,1,5,2,12,11,2,13,9,15,11,2,11,12,2,11,9,15,12,2,5,5,9,2,10,2,11,9,9,12,2,2,2,12,6,9,5,2,13,1,11,2,2,9,9,5,9,9,9,9,2,9,1,5,2,12,2,12,12,9,12,2,9,5,9,11,2,2,9,5,11,9,2,12,11,1,2,2,11,2,2,9,13,2,4,2,11,9,14,3,14,9,8,9,13,13,9,11,3,11,3,13,15,8,7,4,3,8,11,3,7,3,9,11,5,3,3,3,4,8,11,11,14,5,8,11,8,8,5,8,8,3,3,7,14,14,9,2,3,8,5,12,8,7,1,5,8,9,11,9,3,5,5,10,9,9,8,4,3,13,3,8,4,5,8,9,8,5,3,8,8,3,12,3,13,8,3,9,12,3,7,5,5,14,3,9,9,11,4,5,14,12,3,8,8,5,3,6,13,12,7,5,14,3,3,3,14,5,5,8,13,5,11,14,3,3,5,5,8,7,5,5,5,3,5,1,2,3,9,3,9,9,5,9,3,5,8,5,14,3,3,5,8,4,5,3,12,12,13,11,13,4,11,3,5,7,3,12,11,14,1,11,2,6,12,9,12,14,12,6,3,13,3,2,2,14,8,4,12,2,11,13,6,7,2,11,13,8,2,2,2,1,9,12,3,1,8,9,13,9,9,8,9,9,13,3,7,12,12,4,7,2,9,7,10,9,7,1,8,9,1,13,4,13,8,8,8,12,1,9,4,2,13,13,9,1,7,9,12,9,8,3,9,9,2,2,2,2,9,14,4,1,2,7,8,8,1,3,12,6,13,4,8,15,4,2,9,9,8,3,5,14,1,7,8,4,2,2,14,11,7,8,9,13,8,13,1,2,3,8,8,9,7,8,7,8,2,8,13,9,2,4,3,12,4,8,11,2,8,9,7,12,3,2,8,9,4,8,13,6,11,13,2,14,1,13,2,7,8,13,3,13,1,4,1,15,4,1,2,4,10,1,1,13,13,13,15,3,14,8,11,8,15,6,15,15,8,15,1,13,9,15,15,13,4,2,1,9,4,9,2,15,2,2,9,2,2,13,13,7,1,1,1,7,15,2,7,5,2,8,4,9,2,4,3,1,13,9,7,12,1,13,2,4,15,15,13,2,4,7,3,1,2,9,15,2,2,15,13,15,13,2,13,1,1,15,12,9,3,4,13,4,1,15,4,7,10,1,15,2,2,9,13,4,10,4,8,9,1,15,15,13,1,7,9,2,13,9,15,4,15,3,9,7,2,8,9,7,9,15,9,1,2,15,1,15,1,1,7,1,15,9,2,7,1,3,15,7,2,4,9,3,1,1,3,3,10,4,13,15,7,8,13,12,13,1
1.918,2.3932,1.8614,1.857,0.67674,0.5803,1.7768,0.80125,0.92383,1.1273,8,2,1,8,8,5,8,7,8,2,1,1,1,1,1,2,9,9,8,1,5,12,1,9,1,8,1,9,12,12,1,3,5,3,1,3,6,15,1,14,5,9,5,14,1,1,6,3,8,3,9,7,5,6,8,5,6,2,9,5,3,1,3,1,6,6,6,8,2,15,8,1,1,1,5,3,9,15,2,15,6,15,14,15,12,7,9,12,2,12,8,3,7,6,6,13,2,1,8,3,1,2,12,7,8,12,5,14,9,5,4,12,2,11,9,2,1,1,7,6,6,6,15,7,6,12,8,7,1,9,6,5,6,10,6,6,7,9,1,5,1,2,7,2,3,6,2,1,6,5,6,3,7,14,9,15,2,9,12,3,8,1,1,1,8,3,12,6,9,1,7,7,8,4,4,9,12,14,11,4,9,3,12,9,1,1,9,1,4,15,6,14,9,11,8,1,6,9,14,8,6,12,1,1,14,11,4,9,3,6,11,1,11,11,6,11,11,9,1,15,4,12,12,6,9,11,6,3,11,15,4,6,11,4,9,3,9,15,15,15,12,4,11,3,1,9,9,11,8,6,11,12,11,6,15,11,11,9,1,9,1,10,1,4,14,1,15,15,2,4,9,12,12,1,3,6,9,14,1,11,11,6,3,5,9,3,7,6,8,9,1,1,4,15,15,11,9,15,1,12,1,1,15,15,11,15,13,15,15,1,15,9,11,1,12,1,4,14,6,11,9,15,11,15,14,1,11,6,11,12,6,9,4,4,9,1,8,14,6,1,6,6,9,12,1,3,12,2,13,2,5,11,8,9,12,2,13,9,1,13,1,12,10,10,12,13,15,13,1,10,13,2,1,8,1,9,1,8,11,2,13,7,10,15,1,11,15,6,15,15,13,9,6,12,8,12,9,13,11,10,12,15,10,2,6,11,2,13,2,1,10,10,6,12,2,11,12,1,13,13,11,2,10,11,12,15,10,13,11,15,9,9,9,1,2,9,8,7,9,10,10,3,2,13,12,2,1,12,6,9,8,9,11,15,10,6,14,9,12,10,6,2,13,13,9,7,10,10,11,9,6,1,12,1,1,6,6,15,6,4,10,10,9,6,13,11,1,12,1,12,7,10,12,13,6,11,10,7,15,8,10,11,2,6,9,12,2,13,1,11,2,12,1,10,6,13,2,1,12,4,3,8,4,7,5,4,9,4,3,8,1,1,8,1,3,13,15,4,8,5,8,9,13,8,14,8,12,1,9,7,14,5,3,8,14,13,5,1,5,10,6,5,11,8,7,12,4,4,3,13,1,5,6,14,10,15,4,6,5,4,8,3,1,13,6,15,14,14,11,3,1,8,1,5,3,13,5,3,5,13,15,5,10,9,9,10,1,6,9,4,14,9,14,13,13,3,8,4,3,1,3,12,7,14,9,5,10,12,5,14,7,3,3,6,3,8,1,7,2,12,15,5,9,15,1,14,8,11,15,15,10,12,4,12,15,9,15,8,5,1,3,7,3,4,15,3,8,13,5,6,3,8,9,15,5,3,13,9,4,4,8,9,11,14,12,1,13,12,8,3,9,4
1.9804,2.5008,1.8619,1.9907,3.6112,1.5833,0.31227,0.16863,0.59201,2.2184,1,9,14,1,9,11,10,14,9,1,12,14,14,14,12,1,6,2,1,14,11,14,14,2,14,9,14,2,14,12,14,1,11,9,14,1,2,11,14,2,9,2,11,8,14,14,2,9,4,1,2,12,5,2,1,11,2,9,13,11,1,14,9,14,2,2,2,1,1,11,9,14,14,14,11,1,2,11,9,8,2,12,11,8,14,14,14,12,11,15,1,9,14,2,2,2,9,12,1,1,14,9,2,14,1,14,11,12,2,12,9,14,9,2,2,1,14,12,14,9,2,2,15,12,7,12,3,14,14,2,2,11,2,2,2,2,14,2,12,11,14,1,12,9,1,2,1,15,2,11,2,1,14,12,2,11,1,2,14,1,1,12,12,12,1,14,12,2,2,14,1,14,1,5,8,14,1,1,11,14,14,1,8,3,14,14,14,3,5,10,6,5,14,11,14,14,6,14,1,14,6,14,3,3,11,11,9,14,5,2,11,3,11,6,2,11,11,3,3,6,5,15,8,6,14,12,6,5,11,2,9,4,11,5,14,1,14,6,6,6,8,5,11,1,14,14,14,11,11,2,11,1,13,2,14,11,11,8,14,14,14,11,9,5,1,14,2,6,2,9,3,8,5,14,5,6,14,8,14,11,11,2,5,1,14,9,2,2,1,3,3,14,8,2,2,11,3,7,3,3,14,14,6,6,11,2,6,6,2,14,6,14,2,3,1,3,1,1,2,1,3,2,11,6,1,3,3,2,11,8,6,3,1,5,14,3,3,5,3,3,6,2,3,8,14,8,1,5,7,1,4,10,4,14,4,1,11,14,14,14,11,2,9,3,1,14,8,14,7,15,14,5,7,13,14,11,14,1,10,2,14,5,3,10,11,7,10,15,10,8,11,11,3,4,5,1,3,14,13,3,1,8,3,5,11,10,2,7,5,14,3,3,3,1,2,10,5,14,14,14,10,1,15,10,4,8,13,7,10,10,14,14,14,14,10,12,2,4,14,15,15,15,5,7,4,1,7,4,3,14,12,7,10,10,15,3,4,14,5,15,15,5,11,11,14,12,15,15,10,7,15,11,6,7,7,8,3,10,15,3,3,15,14,3,14,2,11,5,7,5,5,15,4,14,15,10,3,5,11,7,15,10,1,3,14,5,5,14,11,11,1,11,11,3,15,7,1,14,4,2,5,6,1,5,4,2,7,5,2,7,6,7,7,12,2,14,3,2,14,4,6,6,11,7,5,6,14,14,7,12,2,4,5,6,5,10,4,12,10,4,10,4,8,12,7,3,5,5,2,3,12,3,10,2,8,11,2,11,4,2,6,2,6,7,10,5,2,5,4,2,6,7,7,4,2,11,4,5,12,11,6,8,8,7,6,6,6,4,9,2,5,6,11,3,3,5,12,5,2,7,5,2,7,2,6,4,4,11,6,5,6,5,11,11,5,12,7,7,5,10,11,4,6,15,6,13,6,14,11,3,4,11,3,3,3,14,3,6,8,12,5,12,5,2,3,5,6,11,4,10,2,12,7,11,4,2,3,14,5,2,6,12,14,2,7,12,3,11,12,2,7,5
1.9071,2.3257,1.8285,2.0019,0.98824,0.67597,1.0439,0.10984,3.003,2.6866,12,12,12,10,12,9,12,1,12,10,1,2,2,1,1,10,5,8,15,2,13,2,1,8,2,10,2,2,1,1,1,4,9,10,2,10,8,3,2,3,9,11,3,9,1,1,14,10,12,10,8,1,9,14,12,9,10,10,14,9,12,2,10,1,8,8,8,10,10,13,12,8,2,1,9,4,1,3,10,3,14,1,3,3,2,2,1,1,3,1,10,10,1,14,8,8,12,2,4,13,2,6,8,2,10,2,3,9,8,2,12,2,10,8,8,10,1,1,2,12,8,8,9,2,8,2,4,2,2,8,8,9,8,8,8,8,2,14,2,14,2,12,2,4,12,8,12,2,8,3,8,12,2,1,8,3,10,14,2,7,10,1,1,1,10,1,1,8,8,2,10,1,4,15,15,6,10,15,11,10,1,12,12,2,2,6,2,1,15,4,9,10,1,9,2,1,7,6,10,2,7,1,2,1,15,11,10,1,12,7,11,2,11,7,11,11,11,1,1,9,10,15,15,3,6,11,9,12,11,7,14,9,11,15,2,10,1,7,7,3,15,10,11,15,8,6,1,11,10,7,11,15,11,3,1,11,13,2,2,1,1,11,6,15,10,6,9,7,7,10,2,12,15,6,15,7,12,12,1,11,11,3,1,12,2,12,7,7,12,2,2,1,12,7,3,11,2,3,2,12,1,6,7,7,11,7,3,7,3,2,9,1,3,6,10,2,5,15,7,12,1,3,11,7,12,2,1,7,11,15,3,1,2,10,6,1,1,15,1,1,7,7,6,15,1,10,11,3,13,4,2,3,2,13,2,11,1,13,13,5,13,11,14,9,11,13,3,5,5,9,5,4,5,9,5,1,13,2,3,4,1,11,8,3,1,3,5,8,3,3,5,5,9,2,11,11,9,1,3,8,11,3,8,15,8,3,4,5,4,13,8,8,8,4,4,3,11,9,13,13,3,11,12,3,4,3,12,13,3,12,13,1,1,13,3,1,11,11,1,9,8,1,11,5,2,4,5,6,8,2,11,13,3,3,8,13,11,1,2,8,8,11,5,13,1,2,8,8,3,1,9,5,11,13,5,8,8,3,8,8,8,9,1,12,5,4,1,11,1,10,4,8,2,5,9,3,8,4,1,5,8,3,4,9,13,7,11,13,13,5,4,13,13,9,8,5,4,13,4,4,12,2,4,15,11,15,13,15,4,13,2,1,13,2,15,8,9,5,1,14,2,2,9,1,4,2,4,6,2,13,15,11,4,1,15,8,11,2,11,11,3,11,12,2,13,3,15,4,15,3,6,11,3,4,12,8,4,3,11,15,1,4,13,3,3,3,15,4,11,15,1,1,13,11,4,5,11,4,11,8,2,11,12,1,2,10,2,11,1,4,4,1,5,3,8,4,13,15,4,1,13,8,15,15,2,11,11,8,2,15,13,15,3,3,4,2,2,13,15,8,3,11,2,3,2,10,2,6,8,8,11,8,8,8,3,1,9,2,6,13,15,6,9,4,8,15,2,3,11,3,15,1,13,3,11,4,3,6,7,4,6,2,6,4,2,2,6,8,1,4,2,4
2.0195,2.2501,1.7087,1.9472,0.28999,2.9683,1.2361,0.028038,4.1224,0.47172,1,13,12,14,14,9,1,12,11,3,12,12,10,10,12,14,6,7,14,12,9,10,10,7,10,2,2,12,10,10,8,1,9,14,10,6,4,14,12,9,9,7,9,9,10,12,7,1,14,1,7,1,9,7,8,9,7,10,7,9,6,12,2,10,4,7,7,14,1,9,1,12,10,10,9,2,7,9,14,9,7,10,9,9,12,12,10,10,9,12,6,2,10,7,7,7,6,10,14,5,10,6,7,10,14,12,9,9,7,10,1,12,6,7,7,6,10,12,10,14,7,7,9,10,7,10,1,12,12,7,7,9,7,7,7,7,12,7,10,9,12,14,10,14,14,4,6,10,7,9,7,14,10,9,15,9,6,4,12,1,1,10,10,10,14,10,12,7,7,10,6,10,1,2,2,11,13,2,10,13,11,8,13,11,12,9,11,11,13,1,1,13,9,10,9,11,4,9,3,11,1,9,9,12,2,10,2,11,3,4,4,11,10,10,1,10,10,9,9,1,6,2,13,1,6,10,1,2,10,4,13,1,10,2,9,13,9,4,4,1,13,2,10,13,11,11,11,10,2,4,10,2,10,1,11,10,10,11,9,9,11,10,12,2,3,11,1,1,4,6,11,3,7,9,6,1,9,13,11,10,10,1,11,6,11,15,1,1,7,11,12,9,13,4,5,10,9,4,9,3,11,11,4,4,10,4,1,1,1,11,1,9,10,14,2,11,2,2,10,6,9,1,10,1,13,9,9,1,10,3,4,11,2,2,9,9,11,13,9,9,1,1,3,7,11,7,1,2,11,9,1,8,14,11,5,3,12,11,10,10,12,14,7,7,9,11,4,11,10,7,11,1,11,6,11,11,8,9,8,14,10,3,7,4,10,8,8,6,8,8,11,10,6,1,9,1,4,9,4,6,9,8,7,14,6,8,1,11,9,11,7,7,6,14,14,8,9,10,10,10,8,9,7,8,14,8,7,10,8,8,11,12,11,10,8,12,3,1,10,6,6,7,1,10,9,1,10,3,6,11,1,10,8,8,6,10,1,11,13,6,6,3,11,12,11,14,7,12,8,11,7,11,1,10,10,7,7,8,7,6,6,6,10,6,11,4,10,9,10,9,9,7,3,11,6,8,6,14,11,6,15,8,3,7,11,1,9,11,10,10,9,11,11,6,6,14,3,10,3,6,11,11,13,13,3,6,12,8,7,11,12,11,5,12,13,4,4,13,12,3,9,11,1,9,6,9,9,9,9,3,13,3,13,11,6,4,14,5,3,3,1,3,3,11,12,14,6,13,6,1,12,3,14,13,3,4,13,1,3,6,12,13,9,14,4,14,13,7,3,13,5,9,11,3,13,4,3,13,3,1,5,3,3,12,12,9,11,3,12,6,6,9,1,14,4,6,11,13,10,9,6,1,11,6,11,3,3,14,5,6,11,6,14,14,6,5,12,9,13,1,2,3,9,4,9,6,5,5,4,4,10,4,1,1,14,5,14,9,3,1,13,5,13,13,4,6,9,14,3,14,13,9,5,15,7,6,4,5,6,13,9,5,5,7,9,11,14,1,13,6,11,6
2.1073,2.2501,1.7087,2.0033,0.99358,1.0676,2.8229,0.31035,1.8225,1.4136,10,10,5,7,10,3,10,9,10,10,9,5,9,5,5,10,6,5,10,5,1,5,1,6,5,10,5,6,5,5,5,10,3,10,9,10,6,1,5,1,3,6,6,1,5,9,6,10,10,10,6,5,3,6,10,3,6,10,6,3,10,9,10,5,6,6,6,10,10,1,8,5,9,9,1,7,6,3,10,3,6,9,3,3,9,9,5,5,1,5,9,10,9,6,12,6,7,9,13,10,9,10,4,9,10,5,1,3,6,5,10,5,10,6,6,11,5,9,9,10,6,6,3,9,6,9,10,9,5,6,6,1,6,6,6,6,9,6,9,3,5,10,9,10,7,2,7,5,6,3,6,7,5,5,6,3,7,6,5,10,10,7,9,5,14,5,9,6,6,9,7,9,15,10,1,2,10,10,3,10,2,10,10,9,2,9,2,2,10,5,13,10,2,3,2,2,5,2,8,9,13,2,9,2,10,3,9,2,10,13,3,2,1,1,5,15,1,2,9,13,1,10,10,1,2,3,13,10,3,5,9,13,1,10,9,10,2,13,13,13,10,10,3,13,2,9,9,3,1,13,3,10,1,5,9,3,3,9,9,2,9,3,2,10,10,9,5,6,5,10,2,4,10,9,10,11,2,10,2,3,14,13,2,10,2,10,5,5,7,2,9,9,10,13,5,3,9,13,9,1,2,9,13,5,3,5,5,5,5,9,13,2,3,9,10,2,10,3,5,4,2,5,1,13,10,2,2,5,3,10,13,2,10,10,9,9,2,10,9,2,13,5,9,10,9,12,12,12,15,2,2,6,10,14,2,10,14,4,14,4,15,10,1,1,10,4,6,15,6,5,4,11,15,5,15,15,4,2,9,2,15,12,1,6,15,1,6,5,6,6,4,14,1,12,10,10,1,15,6,5,10,6,1,2,1,6,12,14,10,14,5,1,5,2,2,6,14,15,4,4,6,12,1,6,2,9,1,14,6,6,4,15,15,4,9,4,2,12,4,5,3,5,12,14,12,2,4,12,15,14,4,4,6,9,5,15,12,4,12,5,5,13,15,14,4,10,1,5,6,4,1,14,12,4,14,1,1,6,5,5,5,5,14,1,15,6,15,12,4,10,7,5,7,15,1,6,5,10,15,15,5,6,10,1,2,10,10,4,14,15,10,4,15,1,1,14,10,14,8,13,2,5,11,13,3,2,4,13,2,7,9,9,5,11,13,1,10,13,7,3,13,3,12,5,14,7,6,5,5,4,13,3,13,7,2,1,3,5,1,3,12,9,14,5,4,12,11,2,13,1,4,3,6,2,3,12,13,12,3,11,9,2,9,6,12,1,13,2,14,7,5,9,4,3,2,1,3,13,14,12,9,3,3,7,9,5,9,14,9,13,13,7,10,12,6,2,4,4,13,9,11,5,7,13,5,3,3,6,5,11,4,2,10,6,13,5,4,8,13,2,6,3,4,1,9,11,5,6,12,1,14,6,12,6,12,7,12,9,3,7,11,4,2,11,6,11,5,1,3,6,13,7,5,10,3,11,1,15,2,2,9,9,5,10,4,7,1,12,7,11,4,2
2.0414,2.2501,1.7118,1.9893,0.34695,1.6511,3.0223,1.0787,0.79512,2.1572,1,4,13,4,1,9,1,13,4,4,13,11,11,13,11,4,6,10,4,11,9,11,11,10,11,1,11,10,13,11,11,5,9,4,13,1,6,9,11,9,3,10,9,2,11,11,10,1,1,5,6,13,9,10,4,9,8,4,10,9,4,13,1,11,10,10,10,4,5,9,5,7,13,11,9,1,10,9,4,3,7,11,9,9,13,13,11,11,9,11,4,1,11,10,6,10,4,13,15,1,11,4,12,13,4,11,9,11,13,9,4,1,1,6,6,4,11,11,11,4,10,10,9,11,6,13,4,13,5,6,10,9,6,14,6,10,13,10,13,9,13,4,13,6,1,10,1,11,6,9,10,5,11,13,6,3,1,10,11,4,5,7,11,11,4,11,11,10,6,11,5,13,4,13,13,9,13,14,14,13,9,5,13,6,11,11,9,11,14,6,6,5,9,14,11,9,6,11,5,11,6,9,11,11,13,14,5,9,11,6,14,11,3,3,1,3,14,9,11,6,13,13,13,1,9,14,6,5,14,10,15,6,14,5,9,13,9,6,6,6,13,5,14,5,4,9,9,14,5,6,14,14,3,6,11,14,14,9,9,11,11,14,9,13,5,11,2,1,1,13,9,9,13,11,5,1,9,13,11,14,12,6,11,13,5,5,1,1,13,11,9,9,13,6,6,14,11,1,11,14,9,7,1,6,14,1,8,1,6,9,6,9,14,9,13,11,13,13,1,5,11,1,14,6,13,11,9,6,3,5,6,11,13,5,11,11,11,13,11,11,6,6,9,11,9,5,5,4,13,4,5,6,10,13,5,4,10,8,8,13,8,5,2,2,4,13,6,8,13,2,8,4,8,2,13,8,8,5,3,5,13,2,2,3,8,6,3,1,3,13,13,8,2,5,10,4,1,8,6,2,5,6,12,11,2,6,5,13,4,13,2,2,2,5,10,6,4,6,13,8,6,4,2,6,5,3,7,8,6,6,13,7,8,8,6,13,10,5,8,15,1,1,4,7,4,11,8,5,2,13,4,8,6,1,2,7,4,5,11,2,2,4,8,7,13,4,2,2,6,8,1,7,5,7,8,1,2,6,1,9,1,2,13,3,13,6,13,4,7,14,4,1,11,8,2,6,2,11,7,13,2,3,4,2,8,4,10,8,8,8,5,7,8,2,2,7,5,13,4,8,4,9,4,4,6,4,9,8,4,9,11,13,9,11,4,5,5,4,13,6,11,9,10,11,8,12,10,12,11,11,4,6,4,13,8,5,6,11,6,6,1,6,6,13,11,5,8,8,8,15,7,6,5,4,6,1,4,10,6,4,9,4,9,5,5,10,8,8,6,8,13,13,11,6,4,15,6,4,3,12,11,6,6,13,13,11,13,6,9,8,8,11,14,1,5,4,9,15,14,11,4,12,9,8,11,6,8,4,11,8,10,4,1,5,4,13,11,3,8,10,10,6,11,1,13,4,12,2,1,3,6,1,5,1,10,9,10,13,6,9,4,13,7,4,5,8,11,1,6,10,4,13,9,1,6,8,10,13,4,8,13,13,12,8,11,12,12,5,13,4,9,4
2.023,2.2706,1.7661,2.0538,1.5703,0.32222,0.70246,0.44648,2.4238,0.40635,12,12,2,15,14,5,9,15,14,1,15,2,2,15,2,12,3,3,14,2,4,2,2,14,2,1,2,3,2,15,2,14,5,1,2,12,3,4,15,4,5,3,5,5,2,15,8,14,14,7,3,15,5,3,1,4,3,12,3,4,10,4,14,2,8,3,3,14,12,4,12,15,2,15,5,14,3,5,8,5,3,2,5,5,5,2,15,15,4,2,14,1,15,8,8,3,13,15,1,1,15,12,8,2,14,15,5,4,3,2,1,2,12,3,11,14,2,2,2,12,8,3,5,2,3,2,1,15,2,3,3,4,3,3,8,3,15,8,2,5,15,12,2,14,14,3,1,2,3,5,3,1,15,15,3,5,1,3,2,1,1,15,2,12,14,15,15,6,3,2,12,15,14,1,14,11,3,1,2,2,11,14,5,15,15,15,11,11,1,13,13,3,15,2,15,11,6,15,8,15,13,11,15,11,1,2,5,11,14,8,2,11,2,2,13,2,2,15,15,8,14,1,9,13,15,2,13,3,2,13,1,13,2,14,3,14,11,8,8,13,1,3,2,1,11,11,11,2,14,13,2,1,2,13,11,2,2,11,15,11,11,2,15,1,14,15,8,13,13,10,11,9,14,15,1,8,11,3,15,2,2,8,11,1,11,3,13,13,9,15,15,11,3,8,13,2,11,8,11,5,15,11,13,13,2,13,13,8,8,15,8,11,2,4,14,15,14,9,13,5,15,13,2,12,5,15,15,13,2,9,13,15,9,14,15,15,8,14,15,11,7,8,11,3,11,3,12,4,9,12,8,3,8,9,4,4,14,6,9,9,6,12,5,5,8,9,3,6,9,7,6,12,9,5,9,9,6,12,7,12,9,8,13,3,6,3,3,5,3,3,6,6,5,4,4,15,5,6,3,5,8,3,5,12,13,3,10,5,12,9,5,13,5,12,12,3,4,6,6,9,3,8,13,3,1,3,5,9,3,3,3,6,6,6,3,6,8,8,14,13,5,5,11,9,8,4,6,4,13,6,8,14,3,3,13,9,8,9,4,13,13,12,6,9,9,4,13,5,3,9,13,9,8,6,9,13,13,3,5,5,13,13,6,13,9,7,4,8,12,8,8,5,2,9,5,3,14,8,9,6,13,3,12,5,6,1,12,9,6,9,8,6,6,6,13,9,4,9,8,14,14,6,3,3,4,7,11,3,3,11,6,9,15,6,14,8,13,14,15,9,9,15,6,15,3,9,13,9,9,6,14,4,3,9,3,8,4,15,2,2,8,2,2,9,11,8,3,14,12,8,5,2,15,3,2,13,3,13,7,14,10,14,3,8,12,8,14,3,4,14,15,6,6,2,14,13,2,1,4,8,9,2,4,15,6,9,6,2,6,3,3,15,12,13,13,3,6,3,11,6,14,7,6,3,11,2,4,8,9,14,14,14,8,13,3,6,6,9,14,8,8,2,8,13,9,5,15,15,13,13,2,13,8,13,8,9,12,9,2,4,14,11,3,3,8,5,9,8,2,8,14,9,6,13,4,3,13,15,5,14,15,15,9,3,6,6,2,13,9,3,11,3
1.9258,2.3666,1.6641,2.0741,0.8998,0.043973,0.7859,0.74745,0.44757,1.735,11,14,6,4,14,10,14,11,14,11,5,5,6,5,5,11,9,15,14,5,3,5,5,15,5,14,5,15,5,5,5,14,10,14,5,11,15,3,5,3,10,15,10,3,5,5,15,14,14,14,15,5,10,2,11,3,15,6,15,10,1,5,8,5,15,15,15,14,11,10,14,5,5,5,3,11,15,10,4,10,15,3,10,3,5,5,5,6,10,5,4,11,5,15,15,15,11,6,14,11,5,12,15,5,14,5,10,3,15,5,11,5,4,15,15,11,5,5,5,14,15,15,3,5,15,5,14,5,5,15,15,10,15,15,15,15,5,15,5,10,5,14,6,14,4,15,4,5,15,10,15,11,5,5,13,10,11,7,5,4,14,5,5,5,14,5,6,15,4,5,11,5,14,14,14,7,11,12,8,11,7,3,14,7,2,7,7,2,14,9,15,13,7,8,13,2,10,7,11,13,10,2,2,4,14,8,11,2,14,15,8,2,8,8,15,8,8,2,2,10,14,12,12,15,2,8,6,14,8,10,1,15,8,11,7,3,7,10,15,10,14,14,8,14,2,2,7,8,12,15,8,12,8,10,2,8,8,7,2,2,7,8,2,14,11,2,10,10,10,12,7,12,12,7,14,15,7,12,7,8,8,10,2,12,2,13,15,10,12,2,8,2,13,15,10,8,2,15,2,11,2,2,5,10,8,15,15,15,15,2,10,2,8,2,11,7,12,14,10,12,7,10,8,10,12,2,7,15,8,11,10,2,11,11,2,7,7,3,7,7,15,15,2,13,7,12,6,12,8,3,12,4,12,6,12,6,8,15,8,7,7,3,14,10,3,8,4,15,7,13,8,12,15,10,15,15,4,12,4,12,15,6,10,4,15,4,13,10,4,4,15,7,13,12,12,3,13,15,4,2,6,4,10,3,10,4,1,7,7,8,10,10,10,3,6,4,6,7,15,8,4,6,10,4,12,4,13,15,4,4,15,7,15,7,4,15,3,3,15,10,10,13,6,8,12,6,7,8,10,8,3,7,4,4,10,7,3,15,3,10,13,6,15,10,15,12,10,13,4,15,13,7,12,7,7,5,13,4,13,13,10,10,15,13,15,4,15,12,7,3,3,10,11,15,10,4,13,6,15,8,9,4,6,10,15,3,6,7,7,8,3,8,15,10,10,15,12,8,12,11,11,8,14,11,9,11,6,14,11,7,15,8,7,8,14,2,13,11,7,9,10,10,5,7,11,10,13,10,15,10,11,9,11,10,11,13,9,10,3,15,13,9,9,15,10,2,11,14,14,5,12,9,13,11,3,2,11,2,9,3,7,12,8,13,13,5,14,11,9,11,10,15,8,9,11,2,9,14,9,13,7,9,9,15,7,10,8,9,10,14,14,10,14,2,2,11,8,11,14,15,8,2,8,14,7,9,11,2,15,14,10,14,13,5,11,15,8,10,4,13,5,9,15,5,10,14,7,7,5,5,9,13,2,2,13,15,5,10,9,15,14,7,14,14,5,14,7,2,9,5,11,15,7,1,9,11,9,15,14,11,15,7,7,14,10,15,13,5,10,11,10,11
1.7585,2.3744,1.5723,1.9941,1.5168,2.0096,0.50242,0.58024,0.056984,1.3298,2,2,3,15,15,10,15,3,6,2,2,3,12,3,12,9,5,4,2,3,10,3,3,5,10,13,3,12,3,3,3,13,10,15,3,15,5,1,12,1,10,5,10,1,3,3,4,15,2,15,4,12,10,4,15,1,15,4,5,1,13,3,15,3,5,4,5,15,13,10,13,12,12,3,10,13,5,10,2,10,4,3,1,1,3,12,12,12,1,3,15,13,3,4,5,5,2,12,2,2,3,15,5,3,15,12,10,1,5,3,2,12,7,5,14,15,3,12,12,15,4,4,10,3,4,12,13,3,12,4,4,1,5,4,4,4,12,5,12,10,12,15,5,2,13,5,15,3,5,10,4,2,3,1,4,1,2,8,13,2,11,12,3,12,15,12,3,5,4,12,2,12,2,9,4,12,2,9,1,9,11,8,4,11,11,11,12,3,7,7,14,15,11,1,12,12,7,4,11,12,7,12,11,11,9,10,15,12,2,14,1,11,10,10,7,1,1,12,3,14,9,9,2,14,3,1,14,4,1,7,13,7,1,15,11,2,12,7,14,7,9,15,1,9,3,3,11,1,15,7,1,9,10,7,12,1,1,3,3,3,3,1,3,15,2,12,14,14,7,2,12,2,9,11,15,14,12,15,11,10,1,14,12,9,11,5,7,10,4,12,12,3,4,14,14,1,11,14,3,4,12,11,14,7,10,7,14,14,14,3,7,3,1,3,15,15,9,9,7,2,12,7,10,14,15,3,1,7,1,4,14,2,9,6,3,12,3,9,11,12,14,7,3,4,11,1,9,1,14,1,3,11,2,6,10,1,11,6,6,14,6,12,4,4,9,14,11,14,14,4,1,2,14,13,14,14,6,1,8,9,14,9,13,11,6,8,11,4,11,11,14,6,13,2,2,9,13,12,11,13,15,11,4,5,4,11,1,6,9,6,4,4,4,2,1,11,9,12,6,14,11,15,4,8,2,8,13,14,11,11,12,12,6,14,11,12,9,15,6,13,13,4,1,6,9,1,6,9,13,14,1,6,11,11,13,6,9,12,7,4,8,1,14,14,12,1,13,13,11,6,13,12,2,14,14,13,13,8,4,4,13,13,12,4,14,11,9,9,14,2,9,4,9,14,4,11,13,2,12,13,4,11,1,4,2,2,15,12,14,12,9,6,6,13,4,12,2,6,6,14,1,11,1,6,13,1,9,10,1,8,9,8,11,8,3,4,5,14,11,13,11,11,12,13,14,11,12,9,11,9,1,7,14,11,14,4,13,11,7,13,12,13,13,11,9,5,1,1,14,5,10,13,5,15,8,12,14,12,7,15,9,14,9,12,5,4,15,15,7,1,9,11,9,13,15,12,13,14,13,4,11,13,13,8,8,8,8,13,8,14,15,11,5,4,4,1,9,1,6,9,14,5,14,1,9,13,13,12,11,14,9,15,4,4,1,11,8,8,15,4,4,13,11,4,11,15,11,8,4,4,7,12,12,12,5,8,4,8,13,9,14,5,14,1,4,14,11,12,13,12,14,8,1,6,13,1,12,2,1,7,11,9,8,6,9,11,5,12,11,15,9,14
1.6624,2.4832,1.6987,1.8648,2.4517,1.9133,1.2706,0.68526,1.2339,1.556,7,15,1,12,12,3,12,4,15,12,4,4,4,1,1,12,7,9,12,9,3,4,4,9,4,15,1,7,4,4,4,2,3,12,4,12,7,3,15,3,3,7,3,13,4,4,9,11,12,12,9,4,3,9,1,3,7,12,9,3,10,4,15,4,7,7,9,12,12,3,15,4,1,13,3,11,9,13,15,3,9,1,3,13,4,4,4,1,3,4,12,11,4,9,9,9,15,1,15,15,4,15,9,4,12,4,3,13,5,4,15,1,12,9,6,12,4,1,4,11,7,12,13,4,9,4,14,4,4,9,9,3,9,7,9,7,1,9,8,3,1,11,1,15,12,8,15,4,9,3,9,11,4,4,7,3,15,9,1,12,15,4,4,4,12,1,4,9,9,4,11,11,12,12,11,1,11,11,3,11,4,1,12,1,4,4,1,1,11,15,2,12,7,3,7,4,2,4,9,7,2,7,4,7,3,3,7,7,11,15,3,9,3,3,15,3,3,4,4,2,11,11,12,15,4,3,2,11,8,15,9,2,3,11,4,9,4,2,15,15,11,11,3,12,7,1,14,3,9,2,3,12,3,2,1,3,3,7,4,7,1,3,4,12,9,7,2,2,2,9,4,9,12,7,12,2,7,12,4,3,3,15,4,12,1,9,2,2,9,4,1,4,11,15,5,3,7,15,4,13,4,1,2,2,3,15,15,15,15,1,2,6,3,7,11,1,12,3,2,9,4,2,3,2,11,4,7,15,3,12,2,1,9,12,4,1,7,12,1,4,2,2,7,11,10,11,15,5,5,11,8,6,3,1,3,3,8,1,1,1,1,4,7,9,4,10,14,5,3,7,5,15,1,7,1,1,8,4,6,11,1,4,7,6,9,6,6,14,6,6,1,5,9,11,4,10,7,1,6,9,11,6,7,4,9,6,12,1,4,5,7,7,7,4,4,6,10,1,8,11,6,15,9,6,15,6,9,5,6,6,8,1,1,5,6,8,4,15,5,9,9,9,15,5,11,15,5,15,9,8,4,1,6,6,13,1,4,8,15,9,14,4,5,1,8,15,7,7,6,8,7,5,2,1,8,9,9,6,7,7,7,7,1,9,5,6,5,15,8,3,4,9,15,1,9,6,9,4,1,8,7,6,3,9,8,4,3,1,8,8,4,8,1,9,9,5,6,8,3,10,11,14,11,11,6,11,4,12,11,14,1,1,14,11,11,5,5,11,5,6,4,14,8,4,9,4,7,4,1,9,9,6,11,4,11,13,6,8,6,6,8,6,6,14,4,12,12,11,11,15,14,6,8,15,3,13,11,8,6,12,1,11,14,13,13,8,11,11,6,12,1,1,6,6,11,5,14,12,6,5,1,6,6,14,1,4,1,6,4,12,12,4,15,5,5,11,4,9,12,4,9,5,1,12,1,6,6,15,4,11,1,12,7,1,11,4,4,4,12,7,13,6,1,7,1,2,1,14,5,5,10,7,13,8,13,14,7,4,6,1,12,4,11,11,5,12,4,7,6,7,11,14,4,13,6,9,5,14,11,11,1,14,14,12,1,1,8,7,4,11,7,11
1.6011,2.4833,1.7631,2.0205,0.99134,0.35946,0.3912,0.4105,0.56915,0.72749,15,15,7,12,12,10,12,7,12,12,8,8,8,7,7,13,11,5,15,7,10,8,7,5,7,12,8,5,7,7,7,13,10,15,8,12,3,4,7,10,10,5,10,4,4,8,6,7,15,15,5,7,4,3,15,10,1,15,5,10,12,7,12,7,15,3,3,15,12,10,15,7,8,8,4,14,3,10,15,4,3,7,10,4,7,8,7,7,10,8,15,15,7,3,5,5,15,8,12,12,7,12,5,5,12,7,10,4,3,7,12,3,12,5,3,15,7,7,7,12,5,3,10,8,2,8,15,7,7,5,5,10,5,5,3,5,8,5,7,10,7,15,8,12,15,5,15,7,5,10,5,15,8,8,5,10,12,5,7,12,9,8,7,7,12,8,7,5,3,8,12,7,15,12,12,15,2,12,4,12,14,15,11,3,15,15,14,14,4,5,8,12,14,4,3,14,13,15,11,3,8,14,15,14,9,13,2,3,12,13,4,14,4,4,8,4,4,15,15,10,2,12,12,8,14,4,13,2,4,1,11,13,4,12,14,2,14,8,8,13,2,12,4,2,15,3,3,4,8,13,4,12,4,13,14,4,4,15,3,15,14,4,7,2,2,14,13,13,8,2,15,11,2,15,11,8,14,9,15,4,4,13,14,9,3,12,8,13,14,14,14,14,12,8,13,4,15,6,3,2,11,14,8,8,4,13,13,13,8,15,8,8,4,15,2,3,2,2,8,2,15,8,4,8,2,3,3,8,4,12,8,14,12,9,3,14,14,12,15,14,8,13,3,11,14,11,6,6,7,2,2,15,11,3,6,11,8,3,3,7,7,2,12,5,2,7,15,7,7,13,7,6,8,5,7,8,7,11,15,6,3,2,13,4,3,4,4,13,15,15,7,3,5,3,6,11,5,7,4,13,10,4,1,2,5,4,6,7,2,7,15,5,13,6,11,4,2,3,3,3,4,9,13,4,2,4,13,7,4,4,7,3,3,7,4,6,2,2,3,13,13,5,2,8,11,6,8,11,5,8,11,3,4,15,13,3,2,3,2,5,13,6,7,7,3,14,5,13,4,8,13,10,6,4,7,5,5,4,13,13,13,5,8,5,7,4,8,2,8,11,11,5,2,3,5,4,5,2,3,8,5,15,6,5,7,8,11,7,7,3,2,8,7,5,13,8,11,7,11,15,15,7,6,15,9,15,14,15,6,2,7,14,7,7,3,8,5,15,7,9,14,7,8,14,6,14,5,14,7,14,6,13,15,2,15,1,9,14,9,9,13,9,10,14,2,15,15,15,6,5,14,9,13,10,9,1,6,13,9,15,14,15,7,8,6,1,15,6,9,15,14,7,7,9,9,1,9,15,9,5,7,9,9,14,14,14,14,9,11,15,15,14,10,13,5,15,2,6,15,7,6,13,5,15,14,9,9,1,7,6,7,15,5,1,15,7,7,14,4,8,1,9,7,2,2,15,12,8,5,5,10,5,13,13,8,14,5,8,9,14,15,14,15,6,5,15,7,5,9,13,15,2,7,13,9,15,8,7,15,6,1,7,7,6,7,7,8,1,14,6,7,6
1.5793,2.4668,1.7964,1.8888,0.87572,1.5332,0.67293,0.29936,0.32175,0.42145,10,8,14,10,10,2,10,3,9,10,3,14,14,14,3,10,12,7,10,14,15,14,14,7,14,8,14,7,14,14,14,9,15,10,3,10,7,2,14,2,15,12,15,2,3,14,7,10,10,8,7,3,15,7,8,15,12,9,7,3,9,14,8,14,7,7,7,10,8,10,9,14,14,14,15,10,1,15,10,2,7,3,4,15,14,14,14,14,15,14,10,8,3,7,12,12,8,3,8,9,3,8,12,14,10,2,2,2,12,3,8,8,10,7,7,9,3,3,14,9,7,7,2,14,7,3,11,3,14,12,15,15,7,7,13,7,14,12,3,15,14,10,3,10,8,7,9,3,7,15,7,8,14,14,5,15,8,12,14,6,8,3,12,3,8,3,3,12,7,14,10,14,10,8,13,3,13,8,15,8,3,6,8,5,3,4,4,3,2,11,10,2,3,15,4,4,10,3,2,4,10,3,3,6,2,15,5,5,8,11,15,5,15,15,11,15,15,3,4,11,8,4,13,10,4,15,11,2,15,11,6,10,10,2,4,8,4,10,11,10,8,2,7,2,4,4,3,15,8,1,15,2,15,10,3,15,15,4,4,4,4,15,3,2,8,5,11,10,11,13,3,2,2,4,13,11,4,13,4,15,15,10,5,13,5,2,10,10,12,3,3,4,13,11,11,15,3,10,3,2,5,5,11,10,14,10,11,9,11,3,11,3,15,4,8,5,8,8,10,6,5,11,15,11,13,3,4,10,15,13,11,4,8,8,3,13,5,2,3,3,11,10,3,8,4,13,6,6,12,2,6,3,10,12,10,6,8,11,11,11,12,10,7,14,2,11,13,11,11,7,4,2,11,7,11,12,12,10,3,10,12,6,14,3,4,3,3,14,13,3,10,4,14,10,10,2,7,11,13,14,2,13,14,6,7,3,9,11,2,11,7,4,7,2,6,7,2,11,11,11,3,6,1,3,10,3,7,4,13,3,11,12,11,11,13,12,2,6,4,14,12,14,6,12,2,9,4,10,7,11,6,14,3,3,7,4,2,11,2,7,7,2,12,12,12,9,14,7,3,4,14,4,9,4,4,8,7,6,14,14,8,14,12,7,12,3,11,6,4,6,2,14,9,11,7,13,14,2,12,11,5,3,2,14,11,15,6,11,3,4,2,12,12,14,7,12,6,11,6,2,2,14,2,2,3,2,1,6,2,1,14,11,11,7,6,12,15,2,7,3,11,11,10,7,6,11,10,7,14,11,6,3,6,7,2,15,3,11,3,3,10,3,3,14,14,12,2,5,2,15,14,3,12,6,5,10,6,10,3,6,11,2,14,12,10,12,2,6,6,6,11,11,14,3,2,1,3,6,3,12,7,5,3,11,11,11,11,3,14,6,2,7,15,12,1,2,14,6,6,14,2,1,11,2,2,3,3,12,14,2,7,6,10,12,3,7,14,14,6,15,10,3,7,12,7,13,7,1,10,12,4,10,12,12,10,14,10,14,3,11,2,7,2,2,10,6,7,15,3,12,2,1,11,9,3,2,10,14,8,2,7,15,1,6,7,14,15,10,7,2,11,2
1.5789,2.6326,1.6956,1.8888,0.72977,0.16067,3.4711,5.097,0.62602,0.83288,2,15,14,15,2,11,2,14,2,2,8,8,14,8,8,15,13,6,15,8,5,8,14,6,8,2,8,13,14,14,14,15,12,2,8,7,13,5,8,11,11,6,12,5,8,8,13,15,2,3,6,6,12,13,2,11,6,15,13,11,2,14,2,14,6,13,6,2,2,5,10,14,8,8,11,15,6,11,2,12,1,12,5,12,14,14,8,8,5,8,15,15,14,6,6,13,15,8,10,15,8,15,13,8,2,8,5,5,13,14,2,8,4,13,13,15,14,14,8,15,13,6,12,8,13,14,15,5,8,6,13,12,13,6,6,13,14,13,2,12,8,2,8,2,9,13,15,8,6,12,6,15,14,14,6,12,15,13,8,2,2,14,8,14,2,15,14,13,6,8,15,14,2,2,2,3,2,5,7,2,3,5,2,3,13,15,3,13,2,1,1,2,13,7,13,13,10,3,6,15,1,13,3,13,2,7,5,3,3,10,7,13,7,7,1,7,7,3,13,10,2,5,5,1,6,7,10,2,9,1,6,1,7,2,15,5,3,1,10,1,5,5,7,5,3,3,3,7,2,1,7,5,7,1,13,7,7,3,3,3,3,7,13,5,6,15,1,1,10,2,13,4,5,13,5,10,3,2,13,7,7,10,10,5,13,11,1,1,15,3,15,3,2,6,1,7,13,10,13,2,8,14,10,1,7,1,1,10,10,3,12,15,7,13,5,3,13,7,10,6,3,1,7,1,2,3,13,1,7,5,10,3,5,10,3,13,13,5,2,13,1,7,3,15,15,6,8,8,3,13,5,12,7,11,5,8,15,3,11,3,14,5,1,1,13,14,12,3,15,1,3,7,11,1,3,14,11,5,12,5,11,13,10,12,11,12,12,1,12,12,3,14,10,7,13,9,10,12,12,1,8,8,1,13,1,12,15,3,8,3,1,1,1,7,8,12,7,11,3,11,12,8,1,12,5,12,1,10,12,12,3,14,3,3,12,11,13,7,11,1,1,10,8,11,2,13,15,13,10,13,8,11,12,12,1,11,8,11,4,10,10,8,14,14,14,14,10,1,12,3,10,14,13,3,15,10,10,12,10,1,1,10,14,6,14,12,14,5,3,5,7,1,7,3,1,12,1,13,11,15,1,12,8,10,3,13,8,3,11,11,5,5,11,10,1,14,13,15,7,15,3,14,7,15,4,7,7,3,15,14,14,14,8,14,3,5,5,15,8,1,8,13,5,8,7,8,2,13,13,13,15,1,15,8,7,5,1,8,1,1,5,1,1,8,14,2,7,3,10,2,9,1,2,15,6,5,3,10,1,15,13,15,13,2,10,5,3,15,4,7,8,8,14,1,15,5,4,15,1,1,5,1,1,13,8,8,8,1,14,15,7,13,2,2,5,15,14,3,7,14,3,10,8,15,14,1,1,2,8,3,14,4,10,5,15,8,14,3,14,10,2,1,8,2,8,3,12,11,2,10,4,5,5,5,5,13,13,14,1,14,15,8,15,15,5,7,8,2,1,2,15,13,13,2,1,15,2,8,15,15,13,8,13,15,2,14,2,5,8,15,13,7
1.5789,2.5924,1.5955,1.8888,0.063825,0.63856,0.12899,1.2692,0.96804,0.33439,9,9,2,9,9,7,9,2,9,9,2,2,4,10,10,3,5,5,9,2,7,10,10,5,10,9,2,14,3,10,10,15,10,15,2,9,5,8,2,8,1,5,7,1,2,7,14,9,9,2,14,4,12,5,9,8,6,15,5,7,9,2,15,1,5,5,5,9,14,1,3,2,2,10,7,15,5,7,15,13,5,10,7,1,10,2,10,4,8,10,9,15,11,14,14,5,9,4,3,3,2,9,5,4,9,2,7,8,5,10,3,2,14,5,14,15,8,10,2,4,14,14,8,10,5,10,9,4,2,5,14,7,14,14,14,5,2,5,10,8,2,3,10,3,15,5,9,15,14,7,5,3,2,10,5,7,11,14,2,9,3,4,10,2,9,2,10,5,14,2,9,2,9,5,5,13,10,10,1,5,1,10,6,13,4,8,12,4,10,14,14,6,4,1,12,5,11,4,6,8,14,12,13,13,5,1,10,13,5,14,1,13,1,1,14,1,1,4,9,14,5,5,13,11,13,2,11,5,1,15,3,11,1,5,4,3,4,14,14,11,5,3,1,10,13,12,12,1,6,11,1,10,7,14,4,1,1,12,8,4,6,1,4,10,10,14,11,11,11,4,4,6,10,8,6,11,4,6,13,1,1,14,8,10,13,12,11,11,8,8,8,8,5,14,14,1,4,14,12,5,8,8,14,11,1,11,14,11,11,12,11,4,1,12,10,4,10,5,14,6,13,14,1,14,5,4,8,11,1,14,14,13,5,10,12,12,4,6,12,13,14,11,12,5,13,6,8,6,12,8,13,1,4,12,13,9,5,12,10,12,4,13,15,15,8,12,7,12,9,3,10,8,2,15,4,12,12,6,1,6,2,8,15,1,12,1,1,15,7,7,4,15,7,8,8,2,11,2,7,11,13,7,11,13,11,1,6,12,13,10,15,15,11,8,13,7,9,2,4,12,1,8,11,1,13,14,11,5,1,1,12,2,12,5,7,4,13,13,6,11,11,11,8,2,13,9,4,6,15,2,8,5,1,1,15,5,13,12,8,11,11,9,2,2,10,6,15,15,1,10,11,12,8,10,10,14,11,7,15,15,11,11,12,11,12,1,12,13,5,13,6,15,10,1,15,7,15,8,5,2,11,1,5,11,12,9,13,4,10,10,8,12,12,15,15,2,9,5,8,9,9,13,11,9,3,9,8,5,9,12,13,4,12,4,5,14,7,9,6,3,13,14,7,6,9,13,14,13,12,4,9,3,9,13,9,7,3,13,3,3,15,3,2,12,2,14,9,9,9,7,13,6,10,5,2,1,9,15,3,9,6,5,3,15,15,7,9,9,2,5,13,13,4,3,9,10,3,9,5,7,6,3,3,12,13,6,10,2,7,5,5,12,14,10,7,9,12,5,5,13,5,10,4,5,13,3,3,14,12,5,12,9,10,7,9,15,12,4,9,14,15,3,12,15,13,9,6,6,15,10,2,14,14,10,10,12,10,12,3,4,5,6,5,4,15,9,4,14,2,15,9,6,12,10,3,9,15,13,9,5,6,6,6,5,12,13,14,15,12,5,13,9
1.5094,2.7279,1.7527,2.0645,1.8205,2.1754,0.049021,0.4262,0.72503,0.76156,2,2,14,11,6,1,2,5,8,2,5,14,11,5,14,2,10,10,6,14,1,5,14,12,14,2,9,10,5,14,5,6,1,6,14,2,10,4,14,1,1,10,1,4,14,14,10,5,6,6,10,12,1,10,6,1,10,6,2,1,6,5,2,14,10,10,10,2,7,4,6,5,4,14,4,6,9,1,6,1,10,5,4,7,14,14,14,14,1,14,2,6,14,10,10,14,2,14,6,6,14,6,3,14,2,5,1,4,10,14,2,14,2,10,2,2,14,14,3,2,10,9,1,5,10,5,6,5,14,10,10,4,9,10,9,10,14,9,5,1,5,6,14,10,2,10,2,5,10,1,10,6,14,5,10,4,15,10,14,6,13,3,14,5,6,5,14,10,10,5,6,5,6,6,6,14,12,6,4,5,14,13,7,8,8,4,14,8,7,1,10,12,14,4,14,14,10,8,7,14,1,8,8,8,6,4,9,8,5,1,4,8,4,4,1,4,4,8,14,10,4,6,5,10,9,4,10,6,1,1,9,10,4,5,14,5,8,1,10,10,5,5,4,6,15,12,14,4,12,1,4,6,4,1,8,4,10,8,5,14,8,4,14,6,5,8,1,1,10,2,8,6,6,8,9,10,8,6,14,4,4,1,14,6,8,6,10,10,6,14,8,7,5,1,10,4,8,10,14,7,14,14,1,10,4,1,10,1,10,8,1,14,4,14,6,8,3,6,10,7,14,1,4,10,5,8,14,1,4,8,10,8,9,11,14,14,14,9,14,8,10,10,8,5,14,12,13,3,14,2,13,1,13,7,6,13,9,7,9,14,14,13,12,12,3,7,4,5,5,12,14,13,4,10,5,7,14,3,1,2,7,9,10,4,7,1,1,10,1,4,14,7,12,5,2,3,10,2,4,12,13,1,12,13,12,1,13,14,13,14,12,12,12,7,1,1,3,10,5,7,1,13,10,1,3,4,10,14,1,14,14,12,7,14,1,5,3,13,7,10,10,10,11,7,3,13,14,3,12,7,3,14,1,4,12,7,13,7,3,12,12,13,5,14,7,13,10,12,1,5,10,5,13,7,14,10,12,1,10,12,10,10,14,10,5,1,5,3,14,15,3,12,3,14,12,1,12,3,7,5,10,4,8,12,14,2,3,5,14,9,13,5,7,12,12,5,2,9,13,2,5,7,5,5,4,5,2,9,5,8,7,13,7,7,5,10,12,5,13,4,7,13,10,13,5,4,14,8,13,8,5,4,5,13,5,10,4,13,4,4,12,4,11,13,7,12,11,2,2,12,8,4,12,5,1,14,5,10,4,5,7,5,7,12,15,10,5,5,4,5,7,12,7,4,5,10,11,5,4,10,13,4,11,13,10,13,13,4,13,2,5,13,15,12,6,6,7,5,2,7,2,10,13,5,7,4,4,12,7,5,7,5,14,10,5,13,13,3,5,10,10,4,13,12,13,8,7,7,14,12,11,14,10,6,12,13,14,13,4,8,5,13,2,5,10,5,7,12,4,15,5,7,7,14,4,15,10,13,2,14,8,7,8,2,8,7,10,14,8,2,8,5
1.5597,2.8827,1.8097,1.9864,0.27674,3.2417,1.3282,2.3736,0.88646,1.6807,13,13,11,6,13,14,9,4,9,9,4,11,4,11,11,9,12,12,9,11,14,11,11,9,11,13,11,12,11,4,11,9,14,9,4,6,12,11,11,15,15,12,14,15,11,11,12,9,10,13,12,11,14,12,13,14,12,13,12,14,13,11,9,11,6,12,12,3,7,1,8,11,11,4,14,9,7,14,9,1,12,11,1,14,11,4,11,11,14,11,2,9,11,12,12,12,13,11,13,13,11,13,12,11,7,4,14,1,12,11,13,11,9,12,12,9,1,11,11,9,12,12,14,11,12,4,13,11,11,12,12,5,12,12,12,12,11,12,11,14,8,9,11,13,9,12,13,4,12,14,12,13,11,15,12,14,13,12,11,9,13,11,11,4,9,4,11,12,12,4,13,11,9,9,7,1,2,13,8,9,11,13,2,11,1,11,1,1,13,3,3,9,11,8,11,1,6,1,10,1,3,1,14,1,9,8,5,11,10,3,4,11,8,8,3,8,8,11,1,3,9,15,2,3,1,8,3,9,8,3,7,12,8,2,11,7,1,12,12,3,2,7,8,7,1,1,11,8,13,12,8,13,8,3,1,8,8,1,11,11,1,8,1,7,7,1,12,3,12,2,1,2,9,1,7,12,1,13,11,8,8,12,1,11,1,13,3,3,5,11,1,1,9,12,3,8,1,3,11,2,1,11,3,3,12,12,3,3,3,11,3,1,8,5,7,1,2,9,12,5,11,3,8,12,9,1,1,3,8,2,3,1,13,7,1,1,11,9,11,1,3,3,1,2,1,9,13,2,1,13,13,8,11,11,12,13,4,1,15,15,1,13,5,5,12,11,8,11,1,6,1,13,15,5,11,5,1,12,8,2,11,4,5,3,11,7,7,5,8,7,11,15,5,12,12,2,8,1,8,5,2,8,5,13,5,7,13,11,2,11,5,5,5,13,14,9,2,1,15,11,7,12,3,7,13,7,7,1,15,7,1,4,1,14,7,1,14,13,1,5,5,5,13,15,12,2,1,2,5,11,10,15,7,7,5,11,13,1,12,5,5,13,1,15,11,12,5,5,7,15,5,4,13,1,11,3,5,9,3,5,5,5,1,5,11,7,11,2,15,13,12,5,2,11,5,7,5,12,15,15,5,7,13,5,1,13,2,1,1,11,12,11,1,9,5,15,12,4,12,9,2,15,9,9,11,9,4,9,9,4,15,15,15,15,9,6,6,9,1,5,1,15,6,1,2,15,6,1,9,3,9,5,2,4,4,12,5,1,5,8,12,5,5,1,15,6,9,15,2,6,1,5,8,3,5,12,2,12,5,2,1,2,1,6,14,6,2,3,8,9,1,15,15,5,9,13,5,9,8,8,1,6,5,1,1,1,15,5,15,14,2,1,13,6,12,9,15,9,2,15,2,13,15,7,15,5,8,12,1,2,15,9,12,6,2,1,15,15,9,12,12,5,1,6,1,2,1,13,6,6,10,12,6,8,6,13,5,1,5,13,2,1,9,9,12,2,1,12,5,12,2,1,12,12,5,2,6,1,9,2,1,1,1,9,15,1,6,12,4,2,15,9
1.6335,2.8008,1.8038,1.9077,0.40799,0.85872,3.5136,0.12205,1.1937,0.51265,4,15,3,8,4,13,5,3,4,4,2,3,10,2,8,8,7,7,5,3,9,10,3,7,10,5,10,1,3,2,10,14,13,5,5,4,7,9,10,9,13,11,9,10,2,10,7,5,4,4,9,2,13,1,8,9,1,4,7,13,8,3,14,10,7,7,7,4,8,9,5,10,10,10,13,14,7,9,4,2,1,3,9,13,10,10,10,3,9,3,3,5,10,1,7,7,4,3,5,4,10,4,7,3,4,2,1,13,7,10,4,10,4,7,7,8,10,3,10,8,7,7,13,2,1,10,5,2,3,4,7,9,7,7,1,7,10,1,3,13,10,6,3,8,5,12,8,2,7,9,1,5,3,2,7,13,8,7,3,4,8,2,3,3,4,14,2,1,7,10,4,7,5,3,3,11,2,3,8,5,7,3,2,4,11,11,7,7,3,15,15,5,11,8,4,13,15,11,2,13,15,11,4,7,3,8,2,5,2,15,8,11,8,8,12,8,12,2,7,1,2,3,3,15,7,8,1,2,8,1,11,1,8,5,11,2,7,15,15,15,3,2,8,5,7,7,7,8,5,15,8,3,8,15,11,8,8,7,11,7,11,8,11,3,2,7,1,15,12,2,11,2,3,7,5,1,11,3,7,1,8,15,7,13,4,5,15,15,4,7,13,11,2,15,15,8,4,1,11,2,11,11,6,15,8,15,15,1,15,7,1,11,8,13,14,11,3,5,10,5,4,1,12,1,5,7,4,12,9,5,1,11,3,5,7,11,11,3,15,7,1,12,7,13,4,5,2,4,11,9,9,8,10,3,3,2,12,11,10,11,9,10,15,15,9,3,2,3,3,5,11,2,12,5,3,12,12,9,8,9,11,10,15,8,12,8,8,15,8,8,12,12,5,9,2,2,10,12,8,5,9,8,5,11,15,8,10,11,2,3,15,15,15,9,2,8,10,12,12,11,8,2,15,8,9,8,5,11,8,8,11,12,12,11,8,11,12,6,12,1,15,15,2,3,9,9,3,9,5,3,2,11,8,8,15,12,2,3,9,15,15,2,12,5,12,6,8,15,8,1,1,3,6,11,3,7,15,8,5,15,5,15,12,1,3,8,3,14,11,6,2,1,6,12,5,8,5,9,12,3,15,13,2,15,11,9,2,3,11,12,9,3,3,1,15,11,2,6,2,4,8,11,8,4,9,4,6,4,8,2,3,9,3,11,13,5,11,4,11,6,2,11,1,7,8,11,10,7,2,2,4,9,4,4,8,5,9,11,9,9,12,9,9,2,3,1,8,4,4,8,2,9,1,8,9,14,4,10,9,4,11,8,3,5,1,5,4,8,12,8,11,11,3,9,4,5,12,4,9,10,11,9,9,7,3,7,11,9,3,4,8,7,14,5,5,4,3,8,4,3,8,10,11,4,2,1,9,5,3,4,2,4,5,1,8,11,13,3,13,3,5,9,2,10,11,13,2,7,10,5,9,1,10,10,5,7,14,3,9,2,15,3,8,8,14,8,2,5,7,10,4,7,2,10,5,4,10,11,4,8,7,3,7,8,7,2,1,10,3,4,3,4
1.7927,2.7355,1.8273,1.9649,0.73706,1.0122,0.74889,0.61532,2.0483,1.2467,12,12,15,3,12,9,12,11,2,12,15,15,15,15,15,3,8,6,12,15,5,11,5,6,15,12,15,6,15,15,15,13,9,12,11,12,8,5,15,9,9,6,5,5,15,15,6,3,12,12,8,11,9,8,3,5,6,3,6,5,12,14,8,15,8,6,8,3,3,9,13,11,11,15,5,10,8,9,3,9,6,15,5,9,15,15,15,15,9,15,12,13,6,8,8,6,3,15,3,12,11,3,6,15,3,11,9,9,4,11,3,15,3,1,6,12,15,15,15,3,8,6,14,15,6,15,12,15,15,11,6,5,6,12,6,6,13,6,11,9,15,3,15,12,12,6,3,15,6,5,6,3,15,11,8,7,12,8,15,12,3,14,15,11,12,11,11,8,8,11,3,11,12,11,2,11,15,12,5,12,2,8,3,11,11,11,11,11,12,4,4,12,2,5,2,5,7,11,3,2,7,11,11,2,3,5,14,2,3,4,5,2,5,5,7,5,5,11,2,4,12,15,3,4,14,5,4,15,5,7,14,7,5,12,6,3,11,4,7,4,3,3,5,15,11,10,11,5,12,4,5,3,5,7,2,5,5,11,11,2,11,5,11,12,14,2,4,4,4,15,11,6,3,2,14,7,11,6,2,5,13,4,11,15,11,15,1,7,3,2,2,11,15,4,7,5,2,4,11,15,11,2,7,4,5,7,7,7,4,10,7,10,5,2,15,11,3,7,7,6,11,7,5,7,15,2,2,4,9,12,7,11,12,12,10,11,2,12,10,2,4,4,2,6,2,6,3,1,11,10,1,4,3,8,2,3,8,11,11,11,8,3,7,6,15,15,4,11,8,7,11,3,15,7,11,11,11,1,4,14,11,1,6,4,15,4,4,7,4,4,11,15,7,3,14,1,13,4,4,7,14,4,7,10,7,4,8,11,14,11,7,7,6,1,14,4,14,15,11,11,4,5,6,4,1,4,7,15,4,4,11,15,11,11,4,8,10,14,3,6,6,7,14,15,1,1,8,14,7,11,10,8,4,13,12,15,1,11,1,7,7,3,11,15,15,10,6,7,4,15,6,15,10,11,15,7,7,4,6,6,7,6,6,7,11,4,15,14,11,1,1,7,10,15,7,4,7,1,15,8,7,9,3,6,11,1,1,8,11,15,1,8,11,6,7,8,1,8,1,4,1,5,3,1,2,1,8,12,1,5,5,5,11,15,3,7,7,1,11,2,11,11,7,5,1,11,6,5,5,15,1,2,3,8,1,7,2,11,2,2,6,2,2,5,15,7,3,3,1,4,14,2,7,3,2,11,3,6,2,1,13,3,5,6,10,7,1,3,8,3,11,11,5,2,10,7,2,1,2,6,11,2,2,5,11,11,11,2,11,3,3,7,4,6,7,1,11,1,1,5,3,6,5,3,5,2,4,6,8,3,5,3,1,6,1,11,15,11,9,7,6,2,11,6,5,14,5,11,6,6,2,7,2,7,7,8,6,8,2,15,3,5,1,15,6,3,5,6,2,7,3,11,11,10,2,1,6,5,1,1,8,15,11,1,8,5,7,6,8,1,15,1
1.7441,2.9725,1.8696,1.9964,1.0407,0.3915,1.9385,0.62635,1.5053,1.2874,5,5,2,10,5,4,5,5,5,5,2,2,2,2,2,5,3,6,5,2,4,2,2,6,2,12,2,3,15,2,2,5,4,5,2,5,3,4,2,2,4,6,4,11,2,2,3,12,6,12,3,2,4,3,5,4,3,9,3,4,12,2,12,2,6,15,6,5,5,4,1,2,2,9,4,10,14,4,12,4,6,2,4,4,2,2,2,2,4,2,5,5,2,14,6,6,12,2,12,5,2,5,6,2,5,13,11,8,3,13,12,2,5,6,6,12,2,2,2,12,3,6,13,2,6,2,12,2,2,6,6,4,3,6,3,3,2,6,10,4,2,5,2,12,12,6,12,2,6,4,3,12,2,2,3,4,5,6,2,5,7,14,2,2,5,2,2,3,6,2,5,2,5,4,2,8,10,10,5,4,2,12,2,12,8,8,12,8,4,9,11,10,8,5,8,12,9,12,6,8,11,8,12,8,4,5,6,8,4,9,5,12,4,5,9,5,5,8,8,11,4,7,2,11,8,5,11,10,5,11,6,11,5,10,12,7,8,9,4,11,10,4,5,10,8,12,15,5,10,9,5,14,5,9,8,5,5,12,8,12,10,5,8,4,4,12,9,9,11,6,8,7,14,8,10,9,8,2,12,5,13,11,6,7,12,10,11,9,7,12,12,8,2,11,9,5,8,9,8,14,8,8,9,9,5,11,9,11,11,12,9,12,5,12,6,8,7,3,9,2,8,9,5,11,2,8,8,9,9,10,9,12,14,1,14,8,8,2,8,8,11,9,12,2,8,2,10,10,15,11,10,6,13,9,10,10,9,8,15,15,8,13,4,4,9,15,6,8,9,4,9,2,15,4,11,9,8,13,6,13,15,13,4,6,9,14,6,4,6,6,8,15,4,13,10,2,12,15,6,4,10,6,4,2,4,6,13,15,13,9,4,5,4,10,13,6,13,15,15,15,6,2,4,6,2,6,4,15,6,6,8,8,15,15,6,8,13,3,8,4,4,4,2,8,10,8,8,10,4,15,2,8,5,12,4,6,13,9,10,4,4,10,8,9,9,2,4,4,6,15,14,7,2,8,15,4,4,6,1,4,4,4,8,4,8,6,9,2,15,10,7,4,2,15,4,6,4,2,15,8,4,1,10,4,15,2,2,3,15,15,13,15,15,1,4,8,2,8,2,10,10,11,12,10,5,10,8,10,10,12,11,11,11,12,10,9,9,10,11,5,11,2,14,2,13,11,9,12,11,12,10,5,10,11,10,9,5,2,7,5,9,5,5,11,12,4,13,13,10,14,11,3,2,10,5,14,10,6,5,10,2,10,2,6,9,14,10,10,5,1,11,11,9,5,10,6,5,10,5,6,11,5,5,2,11,11,10,5,12,10,10,2,6,6,6,10,12,13,10,11,10,6,11,10,12,5,14,6,11,13,12,10,6,9,10,11,12,12,13,14,9,5,11,9,11,4,2,11,9,9,5,9,6,14,6,2,9,6,5,12,10,11,13,3,9,10,11,6,1,14,10,11,12,13,15,10,6,2,10,10,2,11,11,10,11,11,6,9,12,10,12,10
1.6415,3.0188,1.7916,1.9964,0.55431,1.0869,0.42361,1.3895,1.2956,0.96092,14,11,8,11,11,10,1,5,11,11,1,8,8,8,1,14,12,12,11,1,6,1,8,12,8,14,1,4,1,8,1,7,10,7,8,14,12,6,1,6,8,12,10,3,4,1,12,11,14,7,15,8,6,12,14,10,12,11,12,10,11,1,11,8,12,12,12,11,11,6,7,1,1,8,6,7,12,6,14,10,12,1,10,10,7,1,8,1,6,1,14,14,1,12,12,12,11,1,7,11,8,11,12,8,14,5,10,6,12,8,14,1,11,12,12,14,1,8,8,11,12,12,10,8,12,8,11,5,1,12,12,10,12,12,12,12,8,5,8,10,1,11,1,14,9,12,14,1,13,6,4,7,8,8,2,10,11,14,1,11,11,3,5,8,14,5,8,12,4,8,14,1,14,3,3,5,2,1,7,13,8,5,3,5,5,1,13,13,1,9,9,2,13,7,13,8,9,5,8,8,9,13,5,13,1,7,14,5,14,9,7,8,7,7,9,7,7,5,13,9,3,2,1,15,13,7,9,1,7,9,3,9,7,3,8,1,13,9,9,9,1,1,7,1,13,13,5,7,14,7,7,1,7,9,5,7,4,2,8,8,13,10,13,1,1,13,11,9,9,2,13,2,2,8,3,9,13,2,13,7,7,9,5,2,8,2,9,9,14,13,5,5,3,4,9,7,8,9,5,2,5,8,9,9,7,9,9,9,9,5,9,5,7,12,1,13,3,9,9,14,5,6,7,4,3,5,5,7,7,1,9,5,14,3,13,8,5,3,8,5,9,9,13,14,13,3,1,11,14,11,12,8,7,14,11,11,5,14,5,5,7,12,4,4,1,7,8,7,7,4,14,1,5,4,7,14,7,11,8,12,14,1,4,2,5,2,2,9,8,8,2,5,9,11,12,1,15,14,2,4,11,8,4,11,9,8,14,5,11,14,9,4,9,11,12,2,1,7,7,14,2,1,8,2,1,2,4,5,2,6,7,14,7,7,8,7,1,12,7,13,4,4,1,5,1,11,7,11,4,14,1,5,2,2,4,5,1,14,1,4,9,1,7,14,14,3,9,9,2,5,9,14,1,5,5,4,4,2,9,4,4,6,14,5,14,8,14,11,7,12,1,4,3,14,4,2,9,1,5,5,10,8,11,4,7,12,11,12,9,5,11,7,14,9,4,7,11,14,12,1,3,6,3,3,2,3,8,3,3,10,13,12,10,13,1,5,12,1,6,2,13,10,12,6,1,10,9,13,6,13,3,2,1,13,1,12,2,10,2,2,12,2,7,5,13,9,3,1,1,8,8,2,7,1,2,12,3,5,2,3,10,3,8,7,9,5,3,3,2,3,13,13,8,2,3,5,2,1,2,5,6,2,7,13,13,8,6,2,13,1,1,13,9,5,5,3,13,1,3,8,3,9,8,1,8,2,4,5,6,1,10,3,9,12,1,6,6,8,15,9,5,2,10,12,6,1,10,10,5,5,2,7,5,12,6,8,3,13,2,1,3,13,1,4,12,11,13,11,2,9,3,10,6,14,2,3,9,6,11,3,10,6,8,4,13,6,9,9,6,3,13,1
1.6585,2.8925,1.622,1.9619,1.0354,1.3699,0.89166,0.38603,0.38901,1.8885,9,9,3,11,9,7,11,5,9,9,14,5,14,5,5,11,15,3,9,14,14,14,5,10,5,9,5,10,5,14,5,6,8,11,14,9,5,12,5,7,7,10,8,12,14,14,15,9,11,11,1,14,7,10,13,8,15,9,10,8,4,5,11,14,15,10,15,11,11,8,11,5,14,14,8,11,15,7,11,8,15,5,8,7,14,14,5,14,8,14,9,9,5,10,10,10,9,10,11,11,14,9,10,5,9,12,8,12,10,14,11,5,9,10,15,9,8,14,14,11,15,15,12,14,15,5,9,14,14,15,15,7,15,10,10,15,5,4,11,7,14,9,14,9,11,15,11,14,15,7,10,11,1,14,15,8,11,9,5,9,2,5,14,14,9,5,5,15,15,5,9,14,11,9,9,3,9,9,7,9,5,8,8,14,14,14,5,14,11,10,10,9,1,7,14,1,10,5,15,1,10,14,14,5,7,7,5,14,15,10,7,1,7,7,10,7,7,14,5,2,11,11,15,10,14,7,10,9,7,2,8,2,7,9,5,11,14,10,10,10,11,11,7,9,5,5,1,7,11,2,7,11,7,10,5,7,10,14,14,5,14,7,14,11,9,14,10,10,10,15,4,11,11,1,9,10,5,9,14,7,7,10,14,11,1,11,10,10,6,5,5,14,15,2,2,7,1,10,14,1,6,1,13,10,7,10,10,10,10,5,2,8,7,14,9,14,9,11,2,8,14,2,7,10,9,1,1,10,7,11,7,5,9,12,5,1,14,9,5,14,10,10,15,15,1,8,7,7,2,15,11,12,11,5,8,8,5,2,2,2,3,11,1,1,8,3,2,2,3,1,2,7,2,1,5,5,3,7,12,11,2,7,1,12,3,12,12,1,12,12,3,2,9,13,15,8,9,2,12,1,4,12,9,7,9,12,11,3,7,2,1,1,1,8,11,12,8,3,5,3,12,7,9,12,11,12,9,2,12,12,2,2,3,2,12,5,15,7,3,1,1,1,7,1,8,15,3,7,1,5,7,3,12,12,1,3,7,5,8,1,1,7,15,5,5,8,9,9,12,3,9,5,7,8,3,6,9,12,9,1,1,1,5,14,5,12,5,7,2,5,7,1,13,2,9,12,9,8,9,3,1,12,8,1,5,7,10,3,3,2,7,5,5,9,1,11,8,3,11,8,8,10,8,8,5,8,9,11,11,2,3,3,2,6,11,1,1,8,9,2,3,9,15,9,8,3,15,6,2,14,8,5,11,3,8,1,5,9,5,5,10,5,5,3,9,12,7,11,11,1,2,5,1,14,5,12,11,12,5,11,6,8,2,1,15,1,11,11,5,8,6,3,2,5,11,12,5,8,5,15,6,5,5,3,2,2,3,5,9,11,8,3,15,1,15,8,4,8,11,2,8,9,9,8,2,5,5,1,3,11,6,11,15,1,11,3,9,3,8,12,12,5,3,15,3,8,13,10,6,10,7,15,15,10,15,2,12,9,5,9,8,9,8,11,1,8,3,12,5,12,11,1,9,12,5,11,1,2,8,11,6,2,2,11,3,3,1,15,15,11,9,8
1.6585,2.7521,1.5045,1.9827,0.16812,5.372,0.38836,0.84776,1.016,0.84631,13,13,9,15,13,12,15,6,15,15,6,9,9,6,9,13,14,8,15,6,7,6,6,8,9,13,6,14,9,6,6,4,12,13,6,15,14,7,9,7,12,8,12,5,6,9,8,13,15,13,8,6,12,11,6,7,14,15,14,12,15,9,13,9,8,14,14,15,13,7,15,6,6,9,12,13,8,7,15,12,14,6,7,12,13,6,6,6,7,9,13,13,9,8,14,14,15,6,13,13,6,15,8,9,13,6,9,7,8,6,15,9,13,8,1,13,9,9,9,15,8,8,7,9,8,6,15,6,9,8,14,7,2,3,14,8,9,8,6,7,9,13,9,15,13,14,13,9,8,12,8,13,9,6,8,7,13,14,6,15,13,6,6,9,15,6,6,14,8,9,13,6,10,13,13,6,10,13,5,10,6,9,9,6,1,1,6,1,10,2,4,9,1,5,1,1,4,1,13,6,2,6,6,1,4,5,1,6,10,3,5,12,5,5,4,5,10,6,1,4,13,13,13,4,6,5,15,6,5,2,9,2,5,10,1,13,12,4,2,2,13,13,5,9,6,6,1,5,9,4,5,13,5,4,1,5,5,6,6,6,6,5,1,13,10,1,10,2,2,9,6,13,13,6,9,4,6,13,6,2,5,9,6,13,1,10,4,12,1,1,12,12,10,4,4,5,1,4,6,10,6,1,8,2,5,7,11,2,4,1,2,6,9,12,13,1,9,10,2,10,1,4,5,4,10,1,6,4,5,13,2,6,13,13,6,6,1,9,6,6,2,4,12,13,6,14,13,13,9,15,14,7,15,8,14,13,4,8,9,9,4,14,5,5,15,8,7,8,9,5,9,13,6,5,8,6,4,14,7,13,8,13,8,7,4,7,7,5,7,2,6,4,5,14,15,13,5,6,7,12,6,7,2,14,5,7,13,9,14,9,5,2,5,15,13,7,13,6,8,8,7,15,5,7,15,7,2,9,7,7,6,8,6,6,7,4,13,15,8,5,2,2,13,8,14,14,9,14,5,8,13,9,9,7,5,6,13,4,14,5,1,13,6,4,8,15,4,5,7,9,2,8,14,6,9,11,2,7,5,3,5,5,6,2,8,13,8,15,9,14,14,5,14,9,5,7,5,14,9,6,5,7,14,5,8,15,14,6,6,4,14,6,6,2,5,4,14,9,10,5,5,4,15,5,11,5,4,15,5,4,14,14,9,4,15,7,10,5,1,11,9,9,10,1,5,14,7,1,14,10,5,11,5,4,5,2,11,1,11,3,13,11,15,14,4,10,5,15,5,10,9,11,7,5,11,2,15,3,11,15,1,5,4,13,7,10,15,5,11,15,14,14,4,11,5,10,11,8,11,2,1,11,11,14,9,9,14,11,4,5,15,1,10,7,2,5,9,5,5,14,15,3,4,5,9,12,11,13,14,15,4,5,13,1,5,9,4,4,15,14,13,11,1,13,14,12,9,2,6,2,11,13,9,3,13,1,7,9,11,4,15,1,15,5,2,5,14,10,11,13,5,1,14,7,11,5,7,9,15,5,14,9,1,15,14,14,2,13,1,5,4,4
1.5969,2.7628,1.5065,2.0849,0.66285,0.29316,1.4797,0.12669,0.2097,1.7731,3,5,15,14,14,6,14,15,14,3,11,15,11,15,15,14,12,1,14,15,11,11,14,12,11,10,15,12,11,15,15,10,6,3,15,3,1,6,15,6,6,12,9,6,15,15,12,10,14,10,1,11,6,12,10,9,12,10,12,6,10,15,10,11,2,12,12,14,10,6,14,15,11,11,9,3,12,9,3,9,12,11,9,6,11,11,11,15,6,15,14,13,11,1,12,12,1,15,10,3,15,14,12,11,3,15,6,9,8,11,3,15,10,12,7,10,15,11,11,14,12,12,6,11,12,11,14,15,15,1,4,6,12,12,12,12,15,12,10,6,15,3,11,10,14,12,3,11,12,9,12,14,15,11,12,6,10,1,15,14,10,11,15,15,14,15,11,12,1,15,14,11,10,9,6,15,6,9,5,9,4,3,3,4,13,4,15,15,6,5,2,6,15,12,4,15,5,3,3,13,5,4,13,15,9,12,3,4,6,7,12,4,12,12,15,2,12,4,15,5,9,6,6,7,4,12,7,6,12,5,13,5,12,9,13,9,15,11,5,5,6,9,12,12,15,13,4,12,3,5,7,9,12,5,13,12,12,13,4,4,15,12,15,9,12,15,7,5,7,1,15,6,9,15,3,7,4,3,15,12,12,8,4,3,4,9,7,2,3,6,13,13,6,5,5,12,13,5,15,6,15,15,7,14,12,5,5,5,7,15,5,13,12,13,9,4,9,9,5,3,15,7,12,10,9,4,13,5,12,3,7,15,6,9,15,15,4,9,13,4,5,7,13,6,13,3,3,13,12,6,15,8,15,7,15,3,4,7,12,12,7,4,9,10,6,4,8,7,4,9,15,6,12,9,7,7,12,15,8,3,7,3,10,8,7,8,8,9,8,8,4,12,9,15,15,6,10,12,8,9,15,8,9,15,9,8,15,12,15,12,10,9,9,6,15,8,6,4,7,7,8,3,9,12,3,8,9,12,8,8,4,7,4,4,8,4,6,5,7,10,9,9,1,12,7,3,4,6,9,7,3,12,8,8,14,4,15,7,6,9,11,6,12,7,7,6,9,9,8,12,9,7,15,4,4,10,9,8,9,9,9,9,12,9,7,8,7,3,7,15,6,9,3,12,9,8,2,15,7,4,9,8,6,9,4,6,6,4,12,6,15,4,7,9,9,12,15,12,15,15,14,4,10,10,2,10,1,15,14,6,11,13,11,11,10,12,9,10,11,3,11,9,9,15,14,13,9,13,6,13,10,8,10,13,15,9,8,11,3,3,9,3,8,6,11,5,15,10,10,5,6,8,5,15,3,12,10,5,8,15,13,10,13,12,5,14,10,14,8,10,11,11,6,8,10,12,6,7,8,12,13,3,8,6,11,4,11,8,11,15,1,13,1,12,12,10,11,10,14,4,15,9,13,15,4,3,3,4,6,15,6,10,12,13,14,4,11,13,15,5,9,3,13,12,11,15,13,4,9,5,8,12,12,12,5,4,12,3,3,6,15,11,15,14,5,15,11,5,3,11,10,4,11,5,8,14,12,4,10,10,13,4,8,14,6,6,12,9,11,14,13,14
1.5899,2.6949,1.5314,2.1117,0.4556,0.60288,1.4543,2.0122,1.7683,0.56632,7,13,2,13,13,8,13,2,13,9,2,12,12,12,12,13,6,6,9,7,8,2,12,6,12,5,2,6,2,2,12,4,8,13,2,9,10,11,2,11,8,6,8,11,2,2,10,7,3,13,6,5,8,10,13,11,6,7,6,8,7,2,7,12,6,2,10,13,6,8,13,2,12,12,11,7,10,8,10,8,10,2,11,8,12,2,2,2,11,2,7,9,12,10,6,10,9,5,7,1,11,9,10,12,9,2,8,11,6,12,13,2,9,6,10,9,2,12,12,13,6,6,12,2,6,2,9,2,2,6,10,8,6,14,10,10,12,6,13,8,12,9,12,7,7,10,13,12,15,11,10,13,2,12,6,8,13,10,2,13,9,12,5,2,13,12,12,10,6,12,13,12,9,13,13,6,9,9,12,9,6,13,9,5,6,4,4,6,7,8,8,1,6,12,5,4,8,6,8,13,8,6,5,6,5,12,6,5,7,2,12,6,12,12,8,12,12,6,5,2,9,3,7,8,5,12,2,7,12,8,4,2,12,9,5,9,6,8,8,2,13,11,12,7,6,4,4,12,13,8,12,9,12,2,4,12,12,8,6,6,5,12,5,7,13,6,8,8,2,1,6,9,1,7,1,2,4,9,6,12,12,2,6,9,5,1,2,2,1,6,4,4,7,2,8,12,5,8,5,13,5,4,8,2,12,8,15,2,2,4,8,4,12,4,10,6,13,13,2,7,6,14,12,2,7,5,6,8,12,13,2,6,7,13,5,2,6,9,4,6,2,8,4,7,5,1,9,9,1,9,9,10,11,4,13,3,5,4,4,6,6,11,8,8,3,1,12,4,4,8,4,11,6,2,1,5,6,12,12,13,5,3,2,10,6,10,10,8,12,10,6,5,2,11,13,4,2,6,12,2,13,10,2,9,2,10,9,5,9,4,2,8,2,13,7,10,6,6,4,4,10,13,8,12,14,10,8,6,10,10,11,6,5,5,10,5,13,3,6,8,8,8,3,6,13,9,5,3,8,1,3,5,10,12,2,6,9,1,3,2,2,3,5,5,4,13,2,2,10,5,2,5,3,5,4,8,2,10,8,15,2,2,5,8,4,10,4,3,6,9,9,2,13,5,2,10,2,13,5,6,8,10,9,2,5,13,9,6,8,4,9,4,5,2,8,6,13,4,3,7,7,15,11,7,12,7,15,7,1,3,3,14,15,14,7,10,4,1,10,12,3,3,10,4,7,4,10,14,3,14,11,12,7,3,1,6,12,14,12,12,10,12,12,3,3,2,11,5,7,14,15,8,2,7,12,6,11,6,12,11,3,11,15,11,4,2,11,7,2,7,14,14,15,12,7,2,8,9,12,6,4,12,8,3,3,3,3,8,3,7,11,14,5,10,2,1,15,11,1,12,1,2,15,1,3,15,8,6,15,11,4,1,6,10,1,3,15,14,7,6,10,12,3,10,4,1,3,4,10,10,8,10,2,2,6,15,10,14,12,15,13,14,11,7,10,7,3,8,12,2,7,4,3,5,12,7,6,4,7,11,4,6,14,11,14,14,6,10,15,7,14,1
1.6387,2.4073,1.6662,2.0268,0.37564,0.6229,1.4088,0.23141,1.4428,2.0667,10,8,10,8,9,7,9,6,8,8,10,10,6,6,6,8,12,1,9,6,1,6,6,9,6,9,10,1,10,10,6,9,7,9,10,8,3,7,6,7,5,3,5,11,6,6,14,8,9,8,3,10,7,1,9,7,1,8,1,5,8,6,9,6,3,15,3,9,8,7,9,10,6,6,11,8,3,5,8,7,1,10,5,11,6,6,6,10,5,10,9,9,10,3,1,1,9,6,8,9,10,9,1,6,8,10,5,7,1,10,8,10,9,1,1,8,10,6,6,9,1,3,7,6,1,6,8,6,6,3,3,5,1,1,1,1,6,1,6,7,6,9,5,8,2,3,8,10,1,5,1,8,6,6,1,5,8,4,6,8,8,3,6,6,13,10,10,3,3,6,9,10,9,8,9,11,15,8,5,8,11,9,10,11,2,2,2,2,10,4,1,15,11,10,11,2,12,11,8,2,1,2,2,2,8,5,15,2,15,13,5,2,5,5,13,5,5,2,11,3,15,8,15,13,2,5,1,8,5,1,15,1,5,9,11,8,11,13,6,1,8,8,5,8,11,11,11,7,10,13,5,8,5,13,2,5,5,11,11,11,15,5,2,8,8,11,10,1,1,8,2,10,15,2,8,1,11,9,2,5,14,1,2,9,11,8,1,1,9,2,11,2,15,1,13,5,11,13,2,9,2,11,13,13,5,13,1,1,13,11,1,2,5,11,8,2,9,1,13,10,2,1,5,1,15,11,2,1,5,10,13,11,9,15,5,11,11,8,2,11,13,13,2,15,11,8,6,7,2,13,9,1,7,10,7,7,6,12,6,2,2,9,11,8,13,10,1,2,6,14,10,13,12,8,12,12,2,13,1,13,12,9,3,5,2,5,5,3,1,1,6,2,3,7,9,7,3,12,5,8,13,1,8,13,8,5,13,2,9,10,8,9,8,9,9,1,9,6,12,5,2,13,3,5,7,5,3,12,5,5,6,12,12,6,5,12,13,13,10,8,8,8,13,2,7,13,6,13,8,10,7,12,5,15,8,12,7,10,1,8,8,7,12,12,2,13,8,3,5,10,3,2,7,2,6,3,3,5,3,8,8,3,6,8,12,1,10,9,12,4,7,3,10,12,8,5,8,13,2,2,8,1,7,8,10,7,9,10,6,10,13,12,12,3,3,2,9,10,13,9,8,10,9,9,7,1,3,8,9,10,12,12,6,6,9,14,11,1,10,15,12,6,8,10,14,12,4,1,12,6,1,5,1,12,9,11,5,6,5,5,11,5,7,12,10,6,8,1,9,3,12,5,11,1,7,4,9,4,5,8,10,1,10,11,4,11,9,9,7,1,10,6,12,3,1,3,5,9,5,4,12,5,7,12,10,10,10,7,12,1,9,12,14,4,4,1,6,1,9,12,1,2,2,8,12,5,9,4,12,8,2,8,4,11,8,12,6,6,1,3,11,5,10,4,12,8,6,10,14,3,5,14,4,4,4,6,4,12,5,10,1,7,2,1,4,9,12,3,5,4,9,10,6,11,5,9,5,10,8,9,13,6,10,11,12,10,3,4,6,9,2,1
1.5642,2.4575,1.6662,1.9769,0.78874,0.94968,1.2143,0.088243,1.2752,1.3261,7,14,10,12,12,4,12,11,7,7,10,10,10,11,11,3,7,8,12,9,4,1,11,8,10,7,11,8,11,10,11,12,4,12,10,12,8,5,10,4,4,2,4,6,11,11,8,12,12,12,8,10,4,8,7,13,9,7,8,5,7,11,12,11,8,8,12,12,13,5,13,11,11,11,4,12,8,4,12,4,8,11,4,5,11,11,11,11,5,11,7,12,10,8,8,8,7,10,7,7,11,7,8,11,12,10,10,5,8,10,7,11,7,8,8,7,10,10,10,12,8,8,4,10,8,11,7,10,11,9,8,4,8,8,9,8,11,8,10,4,11,12,11,8,12,15,12,10,8,5,8,7,11,11,9,4,7,1,11,7,7,10,11,10,7,11,10,9,9,11,7,11,7,7,7,4,12,7,6,7,4,12,7,10,14,4,4,14,6,9,9,1,10,6,1,10,9,10,11,14,9,4,10,4,6,6,14,14,7,13,6,14,6,6,9,6,13,4,4,13,7,12,1,9,4,6,9,7,3,13,10,9,6,7,14,7,4,9,13,9,7,12,6,12,4,4,4,5,1,9,6,7,6,9,4,6,2,4,10,14,4,6,14,7,1,14,15,9,9,12,14,1,1,14,1,13,4,1,10,6,6,9,10,12,4,1,9,13,1,10,10,10,12,9,9,6,14,9,4,7,14,14,9,9,6,13,13,13,9,4,9,4,6,10,7,4,7,12,8,12,14,9,6,9,1,4,10,13,6,1,9,4,12,1,10,4,10,7,4,4,13,9,10,1,4,7,12,2,15,12,12,4,7,10,12,12,1,10,3,15,10,7,9,9,7,15,4,1,1,9,1,5,15,9,15,14,10,12,4,7,10,12,8,11,15,11,11,9,11,8,15,11,8,12,13,7,9,15,11,9,12,4,8,12,9,11,12,10,7,10,9,8,9,7,13,4,13,15,10,10,13,12,9,4,7,11,9,10,11,11,10,15,10,10,4,1,7,12,10,6,3,9,13,14,7,12,1,7,8,14,7,1,11,11,9,14,12,10,7,9,9,4,14,15,14,13,9,9,11,1,3,15,12,15,15,8,8,4,3,9,8,9,15,9,15,4,15,7,15,12,7,14,13,15,9,4,9,12,1,15,9,11,7,9,10,13,7,10,15,1,12,10,10,8,9,1,12,15,1,7,7,11,12,7,3,7,10,4,7,1,10,11,11,10,5,8,9,7,8,3,1,11,8,1,15,10,8,1,10,1,7,3,7,10,7,8,3,11,3,3,13,3,6,10,11,13,7,4,7,9,1,3,15,7,2,13,7,8,3,7,1,7,11,1,13,8,4,4,6,4,10,11,11,14,7,9,3,7,3,8,11,3,3,11,10,10,11,3,10,7,7,10,4,13,8,7,10,7,7,11,15,13,14,4,10,3,3,8,10,4,11,7,9,8,7,10,11,14,4,8,8,3,10,9,11,7,1,1,9,9,3,8,13,13,8,10,9,10,3,11,4,11,6,4,9,4,10,9,3,9,7,1,10,13,3,4,9,11,4,7,1,10,1,15,11,10,13,9,14,7,10,7
1.6296,2.6579,1.6251,1.9582,0.64826,1.4852,0.46471,0.46636,0.65606,0.25583,5,5,2,8,8,13,8,14,8,8,14,14,2,14,2,5,9,15,5,2,13,2,14,15,2,5,2,15,14,14,14,5,13,8,14,5,15,4,2,4,13,15,13,4,14,14,15,8,5,8,1,14,13,12,7,13,15,5,3,13,8,2,3,14,15,15,3,11,15,4,8,14,14,2,13,8,10,13,5,4,15,2,13,4,14,14,14,2,4,2,8,5,2,15,15,15,5,14,5,8,14,8,15,8,8,4,13,4,15,14,5,2,8,15,3,6,14,14,2,5,15,14,2,14,15,2,5,14,14,15,3,4,3,3,3,15,2,15,14,13,2,5,14,5,8,15,8,14,15,13,15,8,2,2,15,13,8,3,2,8,3,2,14,2,5,14,14,15,3,14,5,14,5,5,8,15,12,12,3,12,15,14,8,15,10,10,15,15,8,11,2,5,10,3,10,10,9,15,5,10,2,15,15,10,14,3,5,15,12,2,3,15,3,3,2,3,3,15,10,2,12,5,12,9,15,3,1,12,3,9,13,2,3,12,10,14,15,2,2,9,8,5,8,5,15,15,15,3,8,4,3,5,3,9,15,3,12,15,10,15,15,8,15,14,12,10,2,2,9,14,15,14,12,10,8,2,10,14,15,3,3,9,10,5,10,8,9,9,6,15,15,10,8,2,2,2,10,2,10,14,10,7,2,9,10,9,9,2,2,15,2,15,3,10,14,15,14,12,2,5,15,2,3,2,14,15,10,2,3,12,2,15,12,14,10,15,10,14,10,15,2,9,15,5,10,5,5,14,2,8,8,13,5,9,8,8,10,9,2,10,2,14,4,15,14,9,11,9,9,12,9,14,2,12,10,10,9,8,13,5,10,14,15,13,9,13,13,15,13,11,10,9,12,8,5,8,1,10,13,6,2,13,15,7,15,13,8,10,11,10,12,15,15,8,9,13,14,10,10,2,13,5,3,13,14,13,15,10,13,13,10,9,10,2,13,9,8,14,9,12,12,12,14,9,8,8,9,8,12,14,8,12,13,13,15,9,14,9,8,15,12,5,10,10,2,8,15,15,15,10,15,2,5,9,10,15,15,13,12,12,15,12,10,12,10,11,9,14,10,14,14,12,5,10,12,13,12,8,10,2,12,13,8,15,10,8,14,9,10,2,8,9,10,13,15,10,14,9,5,8,14,7,14,14,1,8,6,5,5,14,15,7,15,7,8,9,11,14,7,1,15,15,13,9,14,7,2,9,15,6,14,1,8,15,5,11,1,7,1,1,2,1,3,15,6,2,5,8,14,1,15,1,2,8,10,13,14,11,1,14,9,6,15,2,11,11,4,5,1,14,9,15,6,1,8,3,1,5,1,13,9,3,1,15,15,9,7,1,6,5,5,9,5,2,13,14,6,14,14,15,14,11,7,5,15,1,1,2,15,14,6,14,13,11,13,9,15,6,5,2,13,11,15,11,7,8,9,12,13,3,1,13,13,11,2,9,2,15,1,6,5,9,14,5,11,8,15,2,1,2,14,7,7,11,1,14,11,7,5,14,9,15,9,5,6,15,9,13,15,5,6,5
1.5697,2.5802,1.8094,2.1006,1.4179,2.459,0.73488,1.2225,1.1276,1.2804,2,9,7,2,9,5,9,7,9,9,4,4,4,4,4,9,12,12,9,7,5,7,7,12,4,12,7,12,4,4,7,11,13,9,4,2,12,5,7,5,13,12,5,15,4,7,12,9,9,9,12,7,5,12,2,13,12,11,12,5,9,4,2,4,6,12,12,9,2,4,7,7,4,7,8,9,12,13,9,13,12,4,1,10,4,7,4,7,5,4,9,2,10,12,12,12,9,4,2,9,7,9,12,7,9,7,5,13,12,7,9,4,11,11,3,9,4,4,7,2,12,12,13,7,12,7,9,4,7,8,12,5,12,12,11,12,7,12,4,5,7,9,4,2,9,12,2,4,12,5,12,9,7,7,12,5,9,8,7,9,11,10,7,4,14,4,7,12,12,2,9,7,9,14,9,15,14,14,13,4,15,14,9,5,5,5,15,15,9,6,10,9,15,13,5,15,6,15,14,5,10,15,5,15,9,13,4,15,14,6,13,15,13,13,6,13,6,5,15,6,4,4,9,6,15,13,10,14,11,10,1,10,1,9,5,14,15,7,10,10,9,14,13,9,15,5,15,8,4,10,13,9,13,10,5,3,12,5,15,15,15,13,15,4,4,5,6,6,1,4,15,14,9,15,14,6,15,9,15,13,13,6,15,4,5,14,2,10,5,15,5,15,14,10,10,13,15,10,15,14,15,15,6,6,13,10,10,10,6,5,6,15,13,5,4,5,4,4,6,9,5,10,13,6,4,5,15,10,13,4,6,15,4,14,5,5,5,9,13,15,6,10,15,4,15,4,14,11,15,14,14,5,14,15,14,4,10,15,7,7,13,9,12,12,9,13,5,15,7,12,13,8,15,12,15,15,7,14,6,9,15,9,12,5,15,5,5,6,5,6,7,13,12,14,4,9,12,13,5,12,14,11,12,9,12,1,13,7,11,13,2,12,12,14,11,5,11,15,15,7,7,9,12,5,9,5,1,7,3,5,7,7,7,7,5,13,9,14,13,12,12,1,9,13,14,4,13,4,12,15,9,13,5,5,12,13,9,15,4,12,10,11,15,15,15,4,12,12,5,15,10,15,14,7,7,1,12,5,3,12,12,12,7,12,15,5,15,9,13,14,9,12,4,15,12,5,12,14,15,15,12,5,9,1,7,4,11,7,7,13,9,13,7,12,12,4,4,15,9,2,4,13,4,4,7,4,3,4,4,5,13,13,15,12,4,10,6,4,13,7,15,13,9,5,11,15,10,15,15,12,2,7,4,15,2,1,7,13,7,7,6,7,3,15,13,10,12,4,4,10,13,7,1,2,14,11,2,6,1,4,5,4,5,4,1,1,2,2,7,4,13,13,13,8,4,6,7,4,7,1,15,5,7,15,13,15,13,7,12,4,4,5,1,10,6,4,12,2,4,13,2,3,13,4,5,7,7,10,13,4,15,2,10,6,4,15,15,15,8,6,6,7,13,6,13,8,15,3,11,10,7,11,6,3,10,15,10,15,7,15,4,15,4,4,10,4,15,10,7,10,4,5,13,6,7,4,1,15,4,2,5,5,5,9,13,13,10,6,2,4,13,4
1.5229,2.528,1.7827,2.2304,3.5884,2.834,0.47866,1.3291,1.04,0.90058,12,2,8,12,4,13,14,14,4,12,8,8,8,10,8,15,4,1,12,14,3,12,10,1,8,12,14,1,8,8,14,12,13,12,14,4,1,3,14,3,13,1,13,3,14,8,7,4,9,12,1,14,10,1,4,3,1,15,1,13,11,8,12,3,6,1,1,12,4,3,12,8,14,8,13,4,1,13,4,3,1,8,8,13,8,14,8,8,3,14,12,4,14,1,1,5,15,14,4,4,8,12,1,14,12,10,13,3,1,8,12,8,12,1,1,12,8,8,14,12,1,1,13,14,1,10,15,10,14,1,1,13,1,1,1,1,14,1,14,13,10,15,14,4,12,1,12,14,1,13,1,15,8,8,1,3,12,1,14,12,12,10,8,8,12,14,10,15,1,8,12,8,15,12,12,8,15,4,13,12,14,4,12,8,14,13,14,8,12,1,7,15,14,13,14,14,7,8,15,14,7,8,14,8,12,13,4,14,15,7,13,14,13,13,7,13,13,8,14,5,4,2,12,1,14,11,1,4,13,1,15,7,13,15,15,12,8,6,7,1,12,4,13,12,8,14,8,13,4,1,13,4,13,7,8,13,13,14,8,8,8,13,8,12,15,8,7,1,10,4,14,4,4,8,15,7,8,12,8,7,13,7,8,12,8,15,1,7,4,14,8,14,15,1,1,13,3,1,14,4,14,14,7,7,13,1,7,1,7,14,7,14,13,14,9,8,4,12,15,4,14,1,13,7,12,8,14,1,13,15,7,8,12,12,14,14,8,4,8,14,1,1,8,15,14,4,4,7,8,4,15,3,4,11,15,4,8,11,10,2,2,12,1,1,15,11,3,11,14,1,8,4,8,1,8,11,8,4,3,12,11,15,10,13,2,3,3,10,3,3,11,8,13,15,4,4,10,11,2,1,15,3,1,15,1,3,9,2,4,12,6,1,10,4,15,3,4,2,8,2,3,15,10,3,15,3,1,2,3,3,8,8,2,2,3,11,4,15,11,1,10,5,12,8,14,12,2,11,1,11,12,2,3,13,1,2,4,2,4,10,1,12,11,2,11,12,10,1,3,8,10,14,15,2,2,1,1,3,10,1,10,1,8,1,11,3,14,15,2,15,4,10,15,8,1,3,1,15,8,2,1,3,4,1,11,4,4,11,8,8,4,8,11,10,1,8,4,11,12,12,5,2,12,12,15,9,1,5,12,6,2,14,1,2,8,11,6,12,1,7,6,14,14,6,12,2,11,6,6,1,12,7,5,6,5,11,15,2,7,7,10,7,15,2,1,13,5,3,12,13,14,9,13,5,7,10,8,11,7,8,2,12,7,12,11,11,12,5,7,12,2,2,2,7,12,10,7,5,7,11,2,7,7,6,2,6,2,8,14,12,5,6,11,10,11,5,14,10,5,2,12,14,14,15,6,15,15,11,2,12,6,12,10,11,5,14,2,14,13,10,11,7,2,11,2,8,1,1,3,3,15,10,11,10,11,6,3,2,7,14,4,14,12,12,3,5,2,11,7,11,12,6,1,13,7,12,5,1,12,12,1,6,6,5,2,2,13,1,14,12,2,5
